domainname,wallet,bid,blind
dwi,reppy,0.00,0.04
dui,reppy,0.00,0.04
dwiAL,reppy,0.00,0.04
ALdwi,reppy,0.00,0.04
dwiAK,reppy,0.00,0.04
AKdwi,reppy,0.00,0.04
dwiAZ,reppy,0.00,0.04
AZdwi,reppy,0.00,0.04
dwiAR,reppy,0.00,0.04
ARdwi,reppy,0.00,0.04
dwiCA,reppy,0.00,0.04
CAdwi,reppy,0.00,0.04
dwiCZ,reppy,0.00,0.04
CZdwi,reppy,0.00,0.04
dwiCO,reppy,0.00,0.04
COdwi,reppy,0.00,0.04
dwiCT,reppy,0.00,0.04
CTdwi,reppy,0.00,0.04
dwiDE,reppy,0.00,0.04
DEdwi,reppy,0.00,0.04
dwiDC,reppy,0.00,0.04
DCdwi,reppy,0.00,0.04
dwiFL,reppy,0.00,0.04
FLdwi,reppy,0.00,0.04
dwiGA,reppy,0.00,0.04
GAdwi,reppy,0.00,0.04
dwiGU,reppy,0.00,0.04
GUdwi,reppy,0.00,0.04
dwiHI,reppy,0.00,0.04
HIdwi,reppy,0.00,0.04
dwiID,reppy,0.00,0.04
IDdwi,reppy,0.00,0.04
dwiIL,reppy,0.00,0.04
ILdwi,reppy,0.00,0.04
dwiIN,reppy,0.00,0.04
INdwi,reppy,0.00,0.04
dwiIA,reppy,0.00,0.04
IAdwi,reppy,0.00,0.04
dwiKS,reppy,0.00,0.04
KSdwi,reppy,0.00,0.04
dwiKY,reppy,0.00,0.04
KYdwi,reppy,0.00,0.04
dwiLA,reppy,0.00,0.04
LAdwi,reppy,0.00,0.04
dwiME,reppy,0.00,0.04
MEdwi,reppy,0.00,0.04
dwiMD,reppy,0.00,0.04
MDdwi,reppy,0.00,0.04
dwiMA,reppy,0.00,0.04
MAdwi,reppy,0.00,0.04
dwiMI,reppy,0.00,0.04
MIdwi,reppy,0.00,0.04
dwiMN,reppy,0.00,0.04
MNdwi,reppy,0.00,0.04
dwiMS,reppy,0.00,0.04
MSdwi,reppy,0.00,0.04
dwiMO,reppy,0.00,0.04
MOdwi,reppy,0.00,0.04
dwiMT,reppy,0.00,0.04
MTdwi,reppy,0.00,0.04
dwiNE,reppy,0.00,0.04
NEdwi,reppy,0.00,0.04
dwiNV,reppy,0.00,0.04
NVdwi,reppy,0.00,0.04
dwiNH,reppy,0.00,0.04
NHdwi,reppy,0.00,0.04
dwiNJ,reppy,0.00,0.04
NJdwi,reppy,0.00,0.04
dwiNM,reppy,0.00,0.04
NMdwi,reppy,0.00,0.04
dwiNY,reppy,0.00,0.04
NYdwi,reppy,0.00,0.04
dwiNC,reppy,0.00,0.04
NCdwi,reppy,0.00,0.04
dwiND,reppy,0.00,0.04
NDdwi,reppy,0.00,0.04
dwiOH,reppy,0.00,0.04
OHdwi,reppy,0.00,0.04
dwiOK,reppy,0.00,0.04
OKdwi,reppy,0.00,0.04
dwiOR,reppy,0.00,0.04
ORdwi,reppy,0.00,0.04
dwiPA,reppy,0.00,0.04
PAdwi,reppy,0.00,0.04
dwiPR,reppy,0.00,0.04
PRdwi,reppy,0.00,0.04
dwiRI,reppy,0.00,0.04
RIdwi,reppy,0.00,0.04
dwiSC,reppy,0.00,0.04
SCdwi,reppy,0.00,0.04
dwiSD,reppy,0.00,0.04
SDdwi,reppy,0.00,0.04
dwiTN,reppy,0.00,0.04
TNdwi,reppy,0.00,0.04
dwiTX,reppy,0.00,0.04
TXdwi,reppy,0.00,0.04
dwiUT,reppy,0.00,0.04
UTdwi,reppy,0.00,0.04
dwiVT,reppy,0.00,0.04
VTdwi,reppy,0.00,0.04
dwiVI,reppy,0.00,0.04
VIdwi,reppy,0.00,0.04
dwiVA,reppy,0.00,0.04
VAdwi,reppy,0.00,0.04
dwiWA,reppy,0.00,0.04
WAdwi,reppy,0.00,0.04
dwiWV,reppy,0.00,0.04
WVdwi,reppy,0.00,0.04
dwiWI,reppy,0.00,0.04
WIdwi,reppy,0.00,0.04
dwiWY,reppy,0.00,0.04
WYdwi,reppy,0.00,0.04
duiAL,reppy,0.00,0.04
ALdui,reppy,0.00,0.04
duiAK,reppy,0.00,0.04
AKdui,reppy,0.00,0.04
duiAZ,reppy,0.00,0.04
AZdui,reppy,0.00,0.04
duiAR,reppy,0.00,0.04
ARdui,reppy,0.00,0.04
duiCA,reppy,0.00,0.04
CAdui,reppy,0.00,0.04
duiCZ,reppy,0.00,0.04
CZdui,reppy,0.00,0.04
duiCO,reppy,0.00,0.04
COdui,reppy,0.00,0.04
duiCT,reppy,0.00,0.04
CTdui,reppy,0.00,0.04
duiDE,reppy,0.00,0.04
DEdui,reppy,0.00,0.04
duiDC,reppy,0.00,0.04
DCdui,reppy,0.00,0.04
duiFL,reppy,0.00,0.04
FLdui,reppy,0.00,0.04
duiGA,reppy,0.00,0.04
GAdui,reppy,0.00,0.04
duiGU,reppy,0.00,0.04
GUdui,reppy,0.00,0.04
duiHI,reppy,0.00,0.04
HIdui,reppy,0.00,0.04
duiID,reppy,0.00,0.04
IDdui,reppy,0.00,0.04
duiIL,reppy,0.00,0.04
ILdui,reppy,0.00,0.04
duiIN,reppy,0.00,0.04
INdui,reppy,0.00,0.04
duiIA,reppy,0.00,0.04
IAdui,reppy,0.00,0.04
duiKS,reppy,0.00,0.04
KSdui,reppy,0.00,0.04
duiKY,reppy,0.00,0.04
KYdui,reppy,0.00,0.04
duiLA,reppy,0.00,0.04
LAdui,reppy,0.00,0.04
duiME,reppy,0.00,0.04
MEdui,reppy,0.00,0.04
duiMD,reppy,0.00,0.04
MDdui,reppy,0.00,0.04
duiMA,reppy,0.00,0.04
MAdui,reppy,0.00,0.04
duiMI,reppy,0.00,0.04
MIdui,reppy,0.00,0.04
duiMN,reppy,0.00,0.04
MNdui,reppy,0.00,0.04
duiMS,reppy,0.00,0.04
MSdui,reppy,0.00,0.04
duiMO,reppy,0.00,0.04
MOdui,reppy,0.00,0.04
duiMT,reppy,0.00,0.04
MTdui,reppy,0.00,0.04
duiNE,reppy,0.00,0.04
NEdui,reppy,0.00,0.04
duiNV,reppy,0.00,0.04
NVdui,reppy,0.00,0.04
duiNH,reppy,0.00,0.04
NHdui,reppy,0.00,0.04
duiNJ,reppy,0.00,0.04
NJdui,reppy,0.00,0.04
duiNM,reppy,0.00,0.04
NMdui,reppy,0.00,0.04
duiNY,reppy,0.00,0.04
NYdui,reppy,0.00,0.04
duiNC,reppy,0.00,0.04
NCdui,reppy,0.00,0.04
duiND,reppy,0.00,0.04
NDdui,reppy,0.00,0.04
duiOH,reppy,0.00,0.04
OHdui,reppy,0.00,0.04
duiOK,reppy,0.00,0.04
OKdui,reppy,0.00,0.04
duiOR,reppy,0.00,0.04
ORdui,reppy,0.00,0.04
duiPA,reppy,0.00,0.04
PAdui,reppy,0.00,0.04
duiPR,reppy,0.00,0.04
PRdui,reppy,0.00,0.04
duiRI,reppy,0.00,0.04
RIdui,reppy,0.00,0.04
duiSC,reppy,0.00,0.04
SCdui,reppy,0.00,0.04
duiSD,reppy,0.00,0.04
SDdui,reppy,0.00,0.04
duiTN,reppy,0.00,0.04
TNdui,reppy,0.00,0.04
duiTX,reppy,0.00,0.04
TXdui,reppy,0.00,0.04
duiUT,reppy,0.00,0.04
UTdui,reppy,0.00,0.04
duiVT,reppy,0.00,0.04
VTdui,reppy,0.00,0.04
duiVI,reppy,0.00,0.04
VIdui,reppy,0.00,0.04
duiVA,reppy,0.00,0.04
VAdui,reppy,0.00,0.04
duiWA,reppy,0.00,0.04
WAdui,reppy,0.00,0.04
duiWV,reppy,0.00,0.04
WVdui,reppy,0.00,0.04
duiWI,reppy,0.00,0.04
WIdui,reppy,0.00,0.04
duiWY,reppy,0.00,0.04
WYdui,reppy,0.00,0.04
dwiAjo,reppy,0.00,0.04
Ajodwi,reppy,0.00,0.04
dwiEly,reppy,0.00,0.04
Elydwi,reppy,0.00,0.04
dwiRye,reppy,0.00,0.04
Ryedwi,reppy,0.00,0.04
dwiAda,reppy,0.00,0.04
Adadwi,reppy,0.00,0.04
duiAjo,reppy,0.00,0.04
Ajodui,reppy,0.00,0.04
duiEly,reppy,0.00,0.04
Elydui,reppy,0.00,0.04
duiRye,reppy,0.00,0.04
Ryedui,reppy,0.00,0.04
duiAda,reppy,0.00,0.04
Adadui,reppy,0.00,0.04
DeLand,reppy,0.00,0.04
NewUlm,reppy,0.00,0.04
ElReno,reppy,0.00,0.04
DeSmet,reppy,0.00,0.04
DelRio,reppy,0.00,0.04
ElPaso,reppy,0.00,0.04
dwiTroy,reppy,0.00,0.04
Troydwi,reppy,0.00,0.04
dwiNome,reppy,0.00,0.04
Nomedwi,reppy,0.00,0.04
dwiMesa,reppy,0.00,0.04
Mesadwi,reppy,0.00,0.04
dwiYuma,reppy,0.00,0.04
Yumadwi,reppy,0.00,0.04
dwiHope,reppy,0.00,0.04
Hopedwi,reppy,0.00,0.04
dwiBrea,reppy,0.00,0.04
Breadwi,reppy,0.00,0.04
dwiLodi,reppy,0.00,0.04
Lodidwi,reppy,0.00,0.04
dwiNapa,reppy,0.00,0.04
Napadwi,reppy,0.00,0.04
dwiOjai,reppy,0.00,0.04
Ojaidwi,reppy,0.00,0.04
dwiVail,reppy,0.00,0.04
Vaildwi,reppy,0.00,0.04
dwiRome,reppy,0.00,0.04
Romedwi,reppy,0.00,0.04
dwiHilo,reppy,0.00,0.04
Hilodwi,reppy,0.00,0.04
dwiLaie,reppy,0.00,0.04
Laiedwi,reppy,0.00,0.04
dwiZion,reppy,0.00,0.04
Ziondwi,reppy,0.00,0.04
dwiGary,reppy,0.00,0.04
Garydwi,reppy,0.00,0.04
dwiPeru,reppy,0.00,0.04
Perudwi,reppy,0.00,0.04
dwiIowa,reppy,0.00,0.04
Iowadwi,reppy,0.00,0.04
dwiAmes,reppy,0.00,0.04
Amesdwi,reppy,0.00,0.04
dwiHays,reppy,0.00,0.04
Haysdwi,reppy,0.00,0.04
dwiBath,reppy,0.00,0.04
Bathdwi,reppy,0.00,0.04
dwiSaco,reppy,0.00,0.04
Sacodwi,reppy,0.00,0.04
dwiYork,reppy,0.00,0.04
Yorkdwi,reppy,0.00,0.04
dwiLynn,reppy,0.00,0.04
Lynndwi,reppy,0.00,0.04
dwiAlma,reppy,0.00,0.04
Almadwi,reppy,0.00,0.04
dwiElko,reppy,0.00,0.04
Elkodwi,reppy,0.00,0.04
dwiReno,reppy,0.00,0.04
Renodwi,reppy,0.00,0.04
dwiTaos,reppy,0.00,0.04
Taosdwi,reppy,0.00,0.04
dwiOhio,reppy,0.00,0.04
Ohiodwi,reppy,0.00,0.04
dwiKent,reppy,0.00,0.04
Kentdwi,reppy,0.00,0.04
dwiLima,reppy,0.00,0.04
Limadwi,reppy,0.00,0.04
dwiAlva,reppy,0.00,0.04
Alvadwi,reppy,0.00,0.04
dwiEnid,reppy,0.00,0.04
Eniddwi,reppy,0.00,0.04
dwiHugo,reppy,0.00,0.04
Hugodwi,reppy,0.00,0.04
dwiBend,reppy,0.00,0.04
Benddwi,reppy,0.00,0.04
dwiErie,reppy,0.00,0.04
Eriedwi,reppy,0.00,0.04
dwiLead,reppy,0.00,0.04
Leaddwi,reppy,0.00,0.04
dwiWaco,reppy,0.00,0.04
Wacodwi,reppy,0.00,0.04
dwiUtah,reppy,0.00,0.04
Utahdwi,reppy,0.00,0.04
dwiAlta,reppy,0.00,0.04
Altadwi,reppy,0.00,0.04
dwiLehi,reppy,0.00,0.04
Lehidwi,reppy,0.00,0.04
dwiMoab,reppy,0.00,0.04
Moabdwi,reppy,0.00,0.04
dwiOrem,reppy,0.00,0.04
Oremdwi,reppy,0.00,0.04
dwiCody,reppy,0.00,0.04
Codydwi,reppy,0.00,0.04
duiTroy,reppy,0.00,0.04
Troydui,reppy,0.00,0.04
duiNome,reppy,0.00,0.04
Nomedui,reppy,0.00,0.04
duiMesa,reppy,0.00,0.04
Mesadui,reppy,0.00,0.04
duiYuma,reppy,0.00,0.04
Yumadui,reppy,0.00,0.04
duiHope,reppy,0.00,0.04
Hopedui,reppy,0.00,0.04
duiBrea,reppy,0.00,0.04
Breadui,reppy,0.00,0.04
duiLodi,reppy,0.00,0.04
Lodidui,reppy,0.00,0.04
duiNapa,reppy,0.00,0.04
Napadui,reppy,0.00,0.04
duiOjai,reppy,0.00,0.04
Ojaidui,reppy,0.00,0.04
duiVail,reppy,0.00,0.04
Vaildui,reppy,0.00,0.04
duiRome,reppy,0.00,0.04
Romedui,reppy,0.00,0.04
duiHilo,reppy,0.00,0.04
Hilodui,reppy,0.00,0.04
duiLaie,reppy,0.00,0.04
Laiedui,reppy,0.00,0.04
duiZion,reppy,0.00,0.04
Ziondui,reppy,0.00,0.04
duiGary,reppy,0.00,0.04
Garydui,reppy,0.00,0.04
duiPeru,reppy,0.00,0.04
Perudui,reppy,0.00,0.04
duiIowa,reppy,0.00,0.04
Iowadui,reppy,0.00,0.04
duiAmes,reppy,0.00,0.04
Amesdui,reppy,0.00,0.04
duiHays,reppy,0.00,0.04
Haysdui,reppy,0.00,0.04
duiBath,reppy,0.00,0.04
Bathdui,reppy,0.00,0.04
duiSaco,reppy,0.00,0.04
Sacodui,reppy,0.00,0.04
duiYork,reppy,0.00,0.04
Yorkdui,reppy,0.00,0.04
duiLynn,reppy,0.00,0.04
Lynndui,reppy,0.00,0.04
duiAlma,reppy,0.00,0.04
Almadui,reppy,0.00,0.04
duiElko,reppy,0.00,0.04
Elkodui,reppy,0.00,0.04
duiReno,reppy,0.00,0.04
Renodui,reppy,0.00,0.04
duiTaos,reppy,0.00,0.04
Taosdui,reppy,0.00,0.04
duiOhio,reppy,0.00,0.04
Ohiodui,reppy,0.00,0.04
duiKent,reppy,0.00,0.04
Kentdui,reppy,0.00,0.04
duiLima,reppy,0.00,0.04
Limadui,reppy,0.00,0.04
duiAlva,reppy,0.00,0.04
Alvadui,reppy,0.00,0.04
duiEnid,reppy,0.00,0.04
Eniddui,reppy,0.00,0.04
duiHugo,reppy,0.00,0.04
Hugodui,reppy,0.00,0.04
duiBend,reppy,0.00,0.04
Benddui,reppy,0.00,0.04
duiErie,reppy,0.00,0.04
Eriedui,reppy,0.00,0.04
duiLead,reppy,0.00,0.04
Leaddui,reppy,0.00,0.04
duiWaco,reppy,0.00,0.04
Wacodui,reppy,0.00,0.04
duiUtah,reppy,0.00,0.04
Utahdui,reppy,0.00,0.04
duiAlta,reppy,0.00,0.04
Altadui,reppy,0.00,0.04
duiLehi,reppy,0.00,0.04
Lehidui,reppy,0.00,0.04
duiMoab,reppy,0.00,0.04
Moabdui,reppy,0.00,0.04
duiOrem,reppy,0.00,0.04
Oremdui,reppy,0.00,0.04
duiCody,reppy,0.00,0.04
Codydui,reppy,0.00,0.04
ElMonte,reppy,0.00,0.04
LaHabra,reppy,0.00,0.04
SanJose,reppy,0.00,0.04
LaJunta,reppy,0.00,0.04
KeyWest,reppy,0.00,0.04
PalmBay,reppy,0.00,0.04
LaSalle,reppy,0.00,0.04
OakPark,reppy,0.00,0.04
BayCity,reppy,0.00,0.04
RedWing,reppy,0.00,0.04
CapeMay,reppy,0.00,0.04
FortLee,reppy,0.00,0.04
SantaFe,reppy,0.00,0.04
NewBern,reppy,0.00,0.04
ElkCity,reppy,0.00,0.04
CoosBay,reppy,0.00,0.04
JohnDay,reppy,0.00,0.04
NewHope,reppy,0.00,0.04
OilCity,reppy,0.00,0.04
dwiOzark,reppy,0.00,0.04
Ozarkdwi,reppy,0.00,0.04
dwiSelma,reppy,0.00,0.04
Selmadwi,reppy,0.00,0.04
dwiHomer,reppy,0.00,0.04
Homerdwi,reppy,0.00,0.04
dwiSitka,reppy,0.00,0.04
Sitkadwi,reppy,0.00,0.04
dwiGlobe,reppy,0.00,0.04
Globedwi,reppy,0.00,0.04
dwiTempe,reppy,0.00,0.04
Tempedwi,reppy,0.00,0.04
dwiWalpi,reppy,0.00,0.04
Walpidwi,reppy,0.00,0.04
dwiChico,reppy,0.00,0.04
Chicodwi,reppy,0.00,0.04
dwiDavis,reppy,0.00,0.04
Davisdwi,reppy,0.00,0.04
dwiIndio,reppy,0.00,0.04
Indiodwi,reppy,0.00,0.04
dwiUkiah,reppy,0.00,0.04
Ukiahdwi,reppy,0.00,0.04
dwiWatts,reppy,0.00,0.04
Wattsdwi,reppy,0.00,0.04
dwiAspen,reppy,0.00,0.04
Aspendwi,reppy,0.00,0.04
dwiOuray,reppy,0.00,0.04
Ouraydwi,reppy,0.00,0.04
dwiDerby,reppy,0.00,0.04
Derbydwi,reppy,0.00,0.04
dwiDover,reppy,0.00,0.04
Doverdwi,reppy,0.00,0.04
dwiLewes,reppy,0.00,0.04
Lewesdwi,reppy,0.00,0.04
dwiLargo,reppy,0.00,0.04
Largodwi,reppy,0.00,0.04
dwiMiami,reppy,0.00,0.04
Miamidwi,reppy,0.00,0.04
dwiOcala,reppy,0.00,0.04
Ocaladwi,reppy,0.00,0.04
dwiTampa,reppy,0.00,0.04
Tampadwi,reppy,0.00,0.04
dwiMacon,reppy,0.00,0.04
Macondwi,reppy,0.00,0.04
dwiKapaa,reppy,0.00,0.04
Kapaadwi,reppy,0.00,0.04
dwiIdaho,reppy,0.00,0.04
Idahodwi,reppy,0.00,0.04
dwiBoise,reppy,0.00,0.04
Boisedwi,reppy,0.00,0.04
dwiNampa,reppy,0.00,0.04
Nampadwi,reppy,0.00,0.04
dwiAlton,reppy,0.00,0.04
Altondwi,reppy,0.00,0.04
dwiCairo,reppy,0.00,0.04
Cairodwi,reppy,0.00,0.04
dwiDixon,reppy,0.00,0.04
Dixondwi,reppy,0.00,0.04
dwiElgin,reppy,0.00,0.04
Elgindwi,reppy,0.00,0.04
dwiLisle,reppy,0.00,0.04
Lisledwi,reppy,0.00,0.04
dwiPekin,reppy,0.00,0.04
Pekindwi,reppy,0.00,0.04
dwiSalem,reppy,0.00,0.04
Salemdwi,reppy,0.00,0.04
dwiBoone,reppy,0.00,0.04
Boonedwi,reppy,0.00,0.04
dwiBerea,reppy,0.00,0.04
Bereadwi,reppy,0.00,0.04
dwiParis,reppy,0.00,0.04
Parisdwi,reppy,0.00,0.04
dwiHouma,reppy,0.00,0.04
Houmadwi,reppy,0.00,0.04
dwiMaine,reppy,0.00,0.04
Mainedwi,reppy,0.00,0.04
dwiLubec,reppy,0.00,0.04
Lubecdwi,reppy,0.00,0.04
dwiOrono,reppy,0.00,0.04
Oronodwi,reppy,0.00,0.04
dwiBowie,reppy,0.00,0.04
Bowiedwi,reppy,0.00,0.04
dwiAdams,reppy,0.00,0.04
Adamsdwi,reppy,0.00,0.04
dwiAthol,reppy,0.00,0.04
Atholdwi,reppy,0.00,0.04
dwiLenox,reppy,0.00,0.04
Lenoxdwi,reppy,0.00,0.04
dwiTruro,reppy,0.00,0.04
Trurodwi,reppy,0.00,0.04
dwiFlint,reppy,0.00,0.04
Flintdwi,reppy,0.00,0.04
dwiNiles,reppy,0.00,0.04
Nilesdwi,reppy,0.00,0.04
dwiLamar,reppy,0.00,0.04
Lamardwi,reppy,0.00,0.04
dwiRolla,reppy,0.00,0.04
Rolladwi,reppy,0.00,0.04
dwiButte,reppy,0.00,0.04
Buttedwi,reppy,0.00,0.04
dwiHavre,reppy,0.00,0.04
Havredwi,reppy,0.00,0.04
dwiOmaha,reppy,0.00,0.04
Omahadwi,reppy,0.00,0.04
dwiGenoa,reppy,0.00,0.04
Genoadwi,reppy,0.00,0.04
dwiDerry,reppy,0.00,0.04
Derrydwi,reppy,0.00,0.04
dwiKeene,reppy,0.00,0.04
Keenedwi,reppy,0.00,0.04
dwiUnion,reppy,0.00,0.04
Uniondwi,reppy,0.00,0.04
dwiWayne,reppy,0.00,0.04
Waynedwi,reppy,0.00,0.04
dwiAcoma,reppy,0.00,0.04
Acomadwi,reppy,0.00,0.04
dwiBelen,reppy,0.00,0.04
Belendwi,reppy,0.00,0.04
dwiHobbs,reppy,0.00,0.04
Hobbsdwi,reppy,0.00,0.04
dwiRaton,reppy,0.00,0.04
Ratondwi,reppy,0.00,0.04
dwiBronx,reppy,0.00,0.04
Bronxdwi,reppy,0.00,0.04
dwiIlion,reppy,0.00,0.04
Iliondwi,reppy,0.00,0.04
dwiNyack,reppy,0.00,0.04
Nyackdwi,reppy,0.00,0.04
dwiOlean,reppy,0.00,0.04
Oleandwi,reppy,0.00,0.04
dwiUtica,reppy,0.00,0.04
Uticadwi,reppy,0.00,0.04
dwiFargo,reppy,0.00,0.04
Fargodwi,reppy,0.00,0.04
dwiMinot,reppy,0.00,0.04
Minotdwi,reppy,0.00,0.04
dwiRugby,reppy,0.00,0.04
Rugbydwi,reppy,0.00,0.04
dwiAkron,reppy,0.00,0.04
Akrondwi,reppy,0.00,0.04
dwiMilan,reppy,0.00,0.04
Milandwi,reppy,0.00,0.04
dwiParma,reppy,0.00,0.04
Parmadwi,reppy,0.00,0.04
dwiPiqua,reppy,0.00,0.04
Piquadwi,reppy,0.00,0.04
dwiXenia,reppy,0.00,0.04
Xeniadwi,reppy,0.00,0.04
dwiAltus,reppy,0.00,0.04
Altusdwi,reppy,0.00,0.04
dwiMoore,reppy,0.00,0.04
Mooredwi,reppy,0.00,0.04
dwiPerry,reppy,0.00,0.04
Perrydwi,reppy,0.00,0.04
dwiPryor,reppy,0.00,0.04
Pryordwi,reppy,0.00,0.04
dwiTulsa,reppy,0.00,0.04
Tulsadwi,reppy,0.00,0.04
dwiBurns,reppy,0.00,0.04
Burnsdwi,reppy,0.00,0.04
dwiAiken,reppy,0.00,0.04
Aikendwi,reppy,0.00,0.04
dwiHuron,reppy,0.00,0.04
Hurondwi,reppy,0.00,0.04
dwiAlcoa,reppy,0.00,0.04
Alcoadwi,reppy,0.00,0.04
dwiTexas,reppy,0.00,0.04
Texasdwi,reppy,0.00,0.04
dwiBryan,reppy,0.00,0.04
Bryandwi,reppy,0.00,0.04
dwiPampa,reppy,0.00,0.04
Pampadwi,reppy,0.00,0.04
dwiPecos,reppy,0.00,0.04
Pecosdwi,reppy,0.00,0.04
dwiPharr,reppy,0.00,0.04
Pharrdwi,reppy,0.00,0.04
dwiPlano,reppy,0.00,0.04
Planodwi,reppy,0.00,0.04
dwiTyler,reppy,0.00,0.04
Tylerdwi,reppy,0.00,0.04
dwiDelta,reppy,0.00,0.04
Deltadwi,reppy,0.00,0.04
dwiKanab,reppy,0.00,0.04
Kanabdwi,reppy,0.00,0.04
dwiLogan,reppy,0.00,0.04
Logandwi,reppy,0.00,0.04
dwiManti,reppy,0.00,0.04
Mantidwi,reppy,0.00,0.04
dwiNephi,reppy,0.00,0.04
Nephidwi,reppy,0.00,0.04
dwiOgden,reppy,0.00,0.04
Ogdendwi,reppy,0.00,0.04
dwiPrice,reppy,0.00,0.04
Pricedwi,reppy,0.00,0.04
dwiProvo,reppy,0.00,0.04
Provodwi,reppy,0.00,0.04
dwiBarre,reppy,0.00,0.04
Barredwi,reppy,0.00,0.04
dwiEssex,reppy,0.00,0.04
Essexdwi,reppy,0.00,0.04
dwiKelso,reppy,0.00,0.04
Kelsodwi,reppy,0.00,0.04
dwiPasco,reppy,0.00,0.04
Pascodwi,reppy,0.00,0.04
dwiWelch,reppy,0.00,0.04
Welchdwi,reppy,0.00,0.04
dwiRipon,reppy,0.00,0.04
Ripondwi,reppy,0.00,0.04
duiOzark,reppy,0.00,0.04
Ozarkdui,reppy,0.00,0.04
duiSelma,reppy,0.00,0.04
Selmadui,reppy,0.00,0.04
duiHomer,reppy,0.00,0.04
Homerdui,reppy,0.00,0.04
duiSitka,reppy,0.00,0.04
Sitkadui,reppy,0.00,0.04
duiGlobe,reppy,0.00,0.04
Globedui,reppy,0.00,0.04
duiTempe,reppy,0.00,0.04
Tempedui,reppy,0.00,0.04
duiWalpi,reppy,0.00,0.04
Walpidui,reppy,0.00,0.04
duiChico,reppy,0.00,0.04
Chicodui,reppy,0.00,0.04
duiDavis,reppy,0.00,0.04
Davisdui,reppy,0.00,0.04
duiIndio,reppy,0.00,0.04
Indiodui,reppy,0.00,0.04
duiUkiah,reppy,0.00,0.04
Ukiahdui,reppy,0.00,0.04
duiWatts,reppy,0.00,0.04
Wattsdui,reppy,0.00,0.04
duiAspen,reppy,0.00,0.04
Aspendui,reppy,0.00,0.04
duiOuray,reppy,0.00,0.04
Ouraydui,reppy,0.00,0.04
duiDerby,reppy,0.00,0.04
Derbydui,reppy,0.00,0.04
duiDover,reppy,0.00,0.04
Doverdui,reppy,0.00,0.04
duiLewes,reppy,0.00,0.04
Lewesdui,reppy,0.00,0.04
duiLargo,reppy,0.00,0.04
Largodui,reppy,0.00,0.04
duiMiami,reppy,0.00,0.04
Miamidui,reppy,0.00,0.04
duiOcala,reppy,0.00,0.04
Ocaladui,reppy,0.00,0.04
duiTampa,reppy,0.00,0.04
Tampadui,reppy,0.00,0.04
duiMacon,reppy,0.00,0.04
Macondui,reppy,0.00,0.04
duiKapaa,reppy,0.00,0.04
Kapaadui,reppy,0.00,0.04
duiIdaho,reppy,0.00,0.04
Idahodui,reppy,0.00,0.04
duiBoise,reppy,0.00,0.04
Boisedui,reppy,0.00,0.04
duiNampa,reppy,0.00,0.04
Nampadui,reppy,0.00,0.04
duiAlton,reppy,0.00,0.04
Altondui,reppy,0.00,0.04
duiCairo,reppy,0.00,0.04
Cairodui,reppy,0.00,0.04
duiDixon,reppy,0.00,0.04
Dixondui,reppy,0.00,0.04
duiElgin,reppy,0.00,0.04
Elgindui,reppy,0.00,0.04
duiLisle,reppy,0.00,0.04
Lisledui,reppy,0.00,0.04
duiPekin,reppy,0.00,0.04
Pekindui,reppy,0.00,0.04
duiSalem,reppy,0.00,0.04
Salemdui,reppy,0.00,0.04
duiBoone,reppy,0.00,0.04
Boonedui,reppy,0.00,0.04
duiBerea,reppy,0.00,0.04
Bereadui,reppy,0.00,0.04
duiParis,reppy,0.00,0.04
Parisdui,reppy,0.00,0.04
duiHouma,reppy,0.00,0.04
Houmadui,reppy,0.00,0.04
duiMaine,reppy,0.00,0.04
Mainedui,reppy,0.00,0.04
duiLubec,reppy,0.00,0.04
Lubecdui,reppy,0.00,0.04
duiOrono,reppy,0.00,0.04
Oronodui,reppy,0.00,0.04
duiBowie,reppy,0.00,0.04
Bowiedui,reppy,0.00,0.04
duiAdams,reppy,0.00,0.04
Adamsdui,reppy,0.00,0.04
duiAthol,reppy,0.00,0.04
Atholdui,reppy,0.00,0.04
duiLenox,reppy,0.00,0.04
Lenoxdui,reppy,0.00,0.04
duiTruro,reppy,0.00,0.04
Trurodui,reppy,0.00,0.04
duiFlint,reppy,0.00,0.04
Flintdui,reppy,0.00,0.04
duiNiles,reppy,0.00,0.04
Nilesdui,reppy,0.00,0.04
duiLamar,reppy,0.00,0.04
Lamardui,reppy,0.00,0.04
duiRolla,reppy,0.00,0.04
Rolladui,reppy,0.00,0.04
duiButte,reppy,0.00,0.04
Buttedui,reppy,0.00,0.04
duiHavre,reppy,0.00,0.04
Havredui,reppy,0.00,0.04
duiOmaha,reppy,0.00,0.04
Omahadui,reppy,0.00,0.04
duiGenoa,reppy,0.00,0.04
Genoadui,reppy,0.00,0.04
duiDerry,reppy,0.00,0.04
Derrydui,reppy,0.00,0.04
duiKeene,reppy,0.00,0.04
Keenedui,reppy,0.00,0.04
duiUnion,reppy,0.00,0.04
Uniondui,reppy,0.00,0.04
duiWayne,reppy,0.00,0.04
Waynedui,reppy,0.00,0.04
duiAcoma,reppy,0.00,0.04
Acomadui,reppy,0.00,0.04
duiBelen,reppy,0.00,0.04
Belendui,reppy,0.00,0.04
duiHobbs,reppy,0.00,0.04
Hobbsdui,reppy,0.00,0.04
duiRaton,reppy,0.00,0.04
Ratondui,reppy,0.00,0.04
duiBronx,reppy,0.00,0.04
Bronxdui,reppy,0.00,0.04
duiIlion,reppy,0.00,0.04
Iliondui,reppy,0.00,0.04
duiNyack,reppy,0.00,0.04
Nyackdui,reppy,0.00,0.04
duiOlean,reppy,0.00,0.04
Oleandui,reppy,0.00,0.04
duiUtica,reppy,0.00,0.04
Uticadui,reppy,0.00,0.04
duiFargo,reppy,0.00,0.04
Fargodui,reppy,0.00,0.04
duiMinot,reppy,0.00,0.04
Minotdui,reppy,0.00,0.04
duiRugby,reppy,0.00,0.04
Rugbydui,reppy,0.00,0.04
duiAkron,reppy,0.00,0.04
Akrondui,reppy,0.00,0.04
duiMilan,reppy,0.00,0.04
Milandui,reppy,0.00,0.04
duiParma,reppy,0.00,0.04
Parmadui,reppy,0.00,0.04
duiPiqua,reppy,0.00,0.04
Piquadui,reppy,0.00,0.04
duiXenia,reppy,0.00,0.04
Xeniadui,reppy,0.00,0.04
duiAltus,reppy,0.00,0.04
Altusdui,reppy,0.00,0.04
duiMoore,reppy,0.00,0.04
Mooredui,reppy,0.00,0.04
duiPerry,reppy,0.00,0.04
Perrydui,reppy,0.00,0.04
duiPryor,reppy,0.00,0.04
Pryordui,reppy,0.00,0.04
duiTulsa,reppy,0.00,0.04
Tulsadui,reppy,0.00,0.04
duiBurns,reppy,0.00,0.04
Burnsdui,reppy,0.00,0.04
duiAiken,reppy,0.00,0.04
Aikendui,reppy,0.00,0.04
duiHuron,reppy,0.00,0.04
Hurondui,reppy,0.00,0.04
duiAlcoa,reppy,0.00,0.04
Alcoadui,reppy,0.00,0.04
duiTexas,reppy,0.00,0.04
Texasdui,reppy,0.00,0.04
duiBryan,reppy,0.00,0.04
Bryandui,reppy,0.00,0.04
duiPampa,reppy,0.00,0.04
Pampadui,reppy,0.00,0.04
duiPecos,reppy,0.00,0.04
Pecosdui,reppy,0.00,0.04
duiPharr,reppy,0.00,0.04
Pharrdui,reppy,0.00,0.04
duiPlano,reppy,0.00,0.04
Planodui,reppy,0.00,0.04
duiTyler,reppy,0.00,0.04
Tylerdui,reppy,0.00,0.04
duiDelta,reppy,0.00,0.04
Deltadui,reppy,0.00,0.04
duiKanab,reppy,0.00,0.04
Kanabdui,reppy,0.00,0.04
duiLogan,reppy,0.00,0.04
Logandui,reppy,0.00,0.04
duiManti,reppy,0.00,0.04
Mantidui,reppy,0.00,0.04
duiNephi,reppy,0.00,0.04
Nephidui,reppy,0.00,0.04
duiOgden,reppy,0.00,0.04
Ogdendui,reppy,0.00,0.04
duiPrice,reppy,0.00,0.04
Pricedui,reppy,0.00,0.04
duiProvo,reppy,0.00,0.04
Provodui,reppy,0.00,0.04
duiBarre,reppy,0.00,0.04
Barredui,reppy,0.00,0.04
duiEssex,reppy,0.00,0.04
Essexdui,reppy,0.00,0.04
duiKelso,reppy,0.00,0.04
Kelsodui,reppy,0.00,0.04
duiPasco,reppy,0.00,0.04
Pascodui,reppy,0.00,0.04
duiWelch,reppy,0.00,0.04
Welchdui,reppy,0.00,0.04
duiRipon,reppy,0.00,0.04
Ripondui,reppy,0.00,0.04
GilaBend,reppy,0.00,0.04
ElDorado,reppy,0.00,0.04
VanBuren,reppy,0.00,0.04
DalyCity,reppy,0.00,0.04
ElCentro,reppy,0.00,0.04
PaloAlto,reppy,0.00,0.04
RedBluff,reppy,0.00,0.04
SanDiego,reppy,0.00,0.04
SanMateo,reppy,0.00,0.04
SanPedro,reppy,0.00,0.04
SantaAna,reppy,0.00,0.04
YubaCity,reppy,0.00,0.04
NewHaven,reppy,0.00,0.04
LakeCity,reppy,0.00,0.04
LaGrange,reppy,0.00,0.04
IowaCity,reppy,0.00,0.04
FortKent,reppy,0.00,0.04
AnnArbor,reppy,0.00,0.04
RoyalOak,reppy,0.00,0.04
BoysTown,reppy,0.00,0.04
RedCloud,reppy,0.00,0.04
LasVegas,reppy,0.00,0.04
HydePark,reppy,0.00,0.04
NewPaltz,reppy,0.00,0.04
NagsHead,reppy,0.00,0.04
LaGrande,reppy,0.00,0.04
RockHill,reppy,0.00,0.04
OakRidge,reppy,0.00,0.04
ParkCity,reppy,0.00,0.04
GreenBay,reppy,0.00,0.04
LaCrosse,reppy,0.00,0.04
WestBend,reppy,0.00,0.04
TenSleep,reppy,0.00,0.04
PutinBay,reppy,0.00,0.04
dwiAthens,reppy,0.00,0.04
Athensdwi,reppy,0.00,0.04
dwiAtmore,reppy,0.00,0.04
Atmoredwi,reppy,0.00,0.04
dwiAuburn,reppy,0.00,0.04
Auburndwi,reppy,0.00,0.04
dwiDothan,reppy,0.00,0.04
Dothandwi,reppy,0.00,0.04
dwiJasper,reppy,0.00,0.04
Jasperdwi,reppy,0.00,0.04
dwiMarion,reppy,0.00,0.04
Mariondwi,reppy,0.00,0.04
dwiMobile,reppy,0.00,0.04
Mobiledwi,reppy,0.00,0.04
dwiAlaska,reppy,0.00,0.04
Alaskadwi,reppy,0.00,0.04
dwiHaines,reppy,0.00,0.04
Hainesdwi,reppy,0.00,0.04
dwiJuneau,reppy,0.00,0.04
Juneaudwi,reppy,0.00,0.04
dwiKodiak,reppy,0.00,0.04
Kodiakdwi,reppy,0.00,0.04
dwiPalmer,reppy,0.00,0.04
Palmerdwi,reppy,0.00,0.04
dwiSeward,reppy,0.00,0.04
Sewarddwi,reppy,0.00,0.04
dwiValdez,reppy,0.00,0.04
Valdezdwi,reppy,0.00,0.04
dwiBisbee,reppy,0.00,0.04
Bisbeedwi,reppy,0.00,0.04
dwiOraibi,reppy,0.00,0.04
Oraibidwi,reppy,0.00,0.04
dwiTucson,reppy,0.00,0.04
Tucsondwi,reppy,0.00,0.04
dwiBenton,reppy,0.00,0.04
Bentondwi,reppy,0.00,0.04
dwiCamden,reppy,0.00,0.04
Camdendwi,reppy,0.00,0.04
dwiConway,reppy,0.00,0.04
Conwaydwi,reppy,0.00,0.04
dwiHelena,reppy,0.00,0.04
Helenadwi,reppy,0.00,0.04
dwiRogers,reppy,0.00,0.04
Rogersdwi,reppy,0.00,0.04
dwiSearcy,reppy,0.00,0.04
Searcydwi,reppy,0.00,0.04
dwiCarmel,reppy,0.00,0.04
Carmeldwi,reppy,0.00,0.04
dwiCorona,reppy,0.00,0.04
Coronadwi,reppy,0.00,0.04
dwiDowney,reppy,0.00,0.04
Downeydwi,reppy,0.00,0.04
dwiEureka,reppy,0.00,0.04
Eurekadwi,reppy,0.00,0.04
dwiFresno,reppy,0.00,0.04
Fresnodwi,reppy,0.00,0.04
dwiIrvine,reppy,0.00,0.04
Irvinedwi,reppy,0.00,0.04
dwiLompoc,reppy,0.00,0.04
Lompocdwi,reppy,0.00,0.04
dwiMalibu,reppy,0.00,0.04
Malibudwi,reppy,0.00,0.04
dwiMerced,reppy,0.00,0.04
Merceddwi,reppy,0.00,0.04
dwiNovato,reppy,0.00,0.04
Novatodwi,reppy,0.00,0.04
dwiOrange,reppy,0.00,0.04
Orangedwi,reppy,0.00,0.04
dwiOxnard,reppy,0.00,0.04
Oxnarddwi,reppy,0.00,0.04
dwiPomona,reppy,0.00,0.04
Pomonadwi,reppy,0.00,0.04
dwiSonoma,reppy,0.00,0.04
Sonomadwi,reppy,0.00,0.04
dwiAurora,reppy,0.00,0.04
Auroradwi,reppy,0.00,0.04
dwiClimax,reppy,0.00,0.04
Climaxdwi,reppy,0.00,0.04
dwiCortez,reppy,0.00,0.04
Cortezdwi,reppy,0.00,0.04
dwiDenver,reppy,0.00,0.04
Denverdwi,reppy,0.00,0.04
dwiGolden,reppy,0.00,0.04
Goldendwi,reppy,0.00,0.04
dwiPueblo,reppy,0.00,0.04
Pueblodwi,reppy,0.00,0.04
dwiBerlin,reppy,0.00,0.04
Berlindwi,reppy,0.00,0.04
dwiDarien,reppy,0.00,0.04
Dariendwi,reppy,0.00,0.04
dwiGroton,reppy,0.00,0.04
Grotondwi,reppy,0.00,0.04
dwiHamden,reppy,0.00,0.04
Hamdendwi,reppy,0.00,0.04
dwiMystic,reppy,0.00,0.04
Mysticdwi,reppy,0.00,0.04
dwiNewark,reppy,0.00,0.04
Newarkdwi,reppy,0.00,0.04
dwiSmyrna,reppy,0.00,0.04
Smyrnadwi,reppy,0.00,0.04
dwiBartow,reppy,0.00,0.04
Bartowdwi,reppy,0.00,0.04
dwiNaples,reppy,0.00,0.04
Naplesdwi,reppy,0.00,0.04
dwiVenice,reppy,0.00,0.04
Venicedwi,reppy,0.00,0.04
dwiAlbany,reppy,0.00,0.04
Albanydwi,reppy,0.00,0.04
dwiDalton,reppy,0.00,0.04
Daltondwi,reppy,0.00,0.04
dwiPlains,reppy,0.00,0.04
Plainsdwi,reppy,0.00,0.04
dwiToccoa,reppy,0.00,0.04
Toccoadwi,reppy,0.00,0.04
dwiHawaii,reppy,0.00,0.04
Hawaiidwi,reppy,0.00,0.04
dwiWaimea,reppy,0.00,0.04
Waimeadwi,reppy,0.00,0.04
dwiMoscow,reppy,0.00,0.04
Moscowdwi,reppy,0.00,0.04
dwiArthur,reppy,0.00,0.04
Arthurdwi,reppy,0.00,0.04
dwiCanton,reppy,0.00,0.04
Cantondwi,reppy,0.00,0.04
dwiCicero,reppy,0.00,0.04
Cicerodwi,reppy,0.00,0.04
dwiDeKalb,reppy,0.00,0.04
DeKalbdwi,reppy,0.00,0.04
dwiGalena,reppy,0.00,0.04
Galenadwi,reppy,0.00,0.04
dwiHerrin,reppy,0.00,0.04
Herrindwi,reppy,0.00,0.04
dwiJoliet,reppy,0.00,0.04
Jolietdwi,reppy,0.00,0.04
dwiMacomb,reppy,0.00,0.04
Macombdwi,reppy,0.00,0.04
dwiMoline,reppy,0.00,0.04
Molinedwi,reppy,0.00,0.04
dwiNauvoo,reppy,0.00,0.04
Nauvoodwi,reppy,0.00,0.04
dwiNormal,reppy,0.00,0.04
Normaldwi,reppy,0.00,0.04
dwiOregon,reppy,0.00,0.04
Oregondwi,reppy,0.00,0.04
dwiOttawa,reppy,0.00,0.04
Ottawadwi,reppy,0.00,0.04
dwiPeoria,reppy,0.00,0.04
Peoriadwi,reppy,0.00,0.04
dwiQuincy,reppy,0.00,0.04
Quincydwi,reppy,0.00,0.04
dwiSkokie,reppy,0.00,0.04
Skokiedwi,reppy,0.00,0.04
dwiSummit,reppy,0.00,0.04
Summitdwi,reppy,0.00,0.04
dwiUrbana,reppy,0.00,0.04
Urbanadwi,reppy,0.00,0.04
dwiVirden,reppy,0.00,0.04
Virdendwi,reppy,0.00,0.04
dwiElwood,reppy,0.00,0.04
Elwooddwi,reppy,0.00,0.04
dwiGeneva,reppy,0.00,0.04
Genevadwi,reppy,0.00,0.04
dwiGoshen,reppy,0.00,0.04
Goshendwi,reppy,0.00,0.04
dwiHobart,reppy,0.00,0.04
Hobartdwi,reppy,0.00,0.04
dwiKokomo,reppy,0.00,0.04
Kokomodwi,reppy,0.00,0.04
dwiMuncie,reppy,0.00,0.04
Munciedwi,reppy,0.00,0.04
dwiWabash,reppy,0.00,0.04
Wabashdwi,reppy,0.00,0.04
dwiKeokuk,reppy,0.00,0.04
Keokukdwi,reppy,0.00,0.04
dwiNewton,reppy,0.00,0.04
Newtondwi,reppy,0.00,0.04
dwiKansas,reppy,0.00,0.04
Kansasdwi,reppy,0.00,0.04
dwiOlathe,reppy,0.00,0.04
Olathedwi,reppy,0.00,0.04
dwiSalina,reppy,0.00,0.04
Salinadwi,reppy,0.00,0.04
dwiTopeka,reppy,0.00,0.04
Topekadwi,reppy,0.00,0.04
dwiHarlan,reppy,0.00,0.04
Harlandwi,reppy,0.00,0.04
dwiHazard,reppy,0.00,0.04
Hazarddwi,reppy,0.00,0.04
dwiGretna,reppy,0.00,0.04
Gretnadwi,reppy,0.00,0.04
dwiMonroe,reppy,0.00,0.04
Monroedwi,reppy,0.00,0.04
dwiRuston,reppy,0.00,0.04
Rustondwi,reppy,0.00,0.04
dwiBangor,reppy,0.00,0.04
Bangordwi,reppy,0.00,0.04
dwiCalais,reppy,0.00,0.04
Calaisdwi,reppy,0.00,0.04
dwiEaston,reppy,0.00,0.04
Eastondwi,reppy,0.00,0.04
dwiElkton,reppy,0.00,0.04
Elktondwi,reppy,0.00,0.04
dwiLaurel,reppy,0.00,0.04
Laureldwi,reppy,0.00,0.04
dwiTowson,reppy,0.00,0.04
Towsondwi,reppy,0.00,0.04
dwiBoston,reppy,0.00,0.04
Bostondwi,reppy,0.00,0.04
dwiBourne,reppy,0.00,0.04
Bournedwi,reppy,0.00,0.04
dwiDedham,reppy,0.00,0.04
Dedhamdwi,reppy,0.00,0.04
dwiDennis,reppy,0.00,0.04
Dennisdwi,reppy,0.00,0.04
dwiLowell,reppy,0.00,0.04
Lowelldwi,reppy,0.00,0.04
dwiLudlow,reppy,0.00,0.04
Ludlowdwi,reppy,0.00,0.04
dwiMalden,reppy,0.00,0.04
Maldendwi,reppy,0.00,0.04
dwiMilton,reppy,0.00,0.04
Miltondwi,reppy,0.00,0.04
dwiNahant,reppy,0.00,0.04
Nahantdwi,reppy,0.00,0.04
dwiNatick,reppy,0.00,0.04
Natickdwi,reppy,0.00,0.04
dwiNorton,reppy,0.00,0.04
Nortondwi,reppy,0.00,0.04
dwiRevere,reppy,0.00,0.04
Reveredwi,reppy,0.00,0.04
dwiSaugus,reppy,0.00,0.04
Saugusdwi,reppy,0.00,0.04
dwiWoburn,reppy,0.00,0.04
Woburndwi,reppy,0.00,0.04
dwiAdrian,reppy,0.00,0.04
Adriandwi,reppy,0.00,0.04
dwiEcorse,reppy,0.00,0.04
Ecorsedwi,reppy,0.00,0.04
dwiWarren,reppy,0.00,0.04
Warrendwi,reppy,0.00,0.04
dwiAustin,reppy,0.00,0.04
Austindwi,reppy,0.00,0.04
dwiDuluth,reppy,0.00,0.04
Duluthdwi,reppy,0.00,0.04
dwiWinona,reppy,0.00,0.04
Winonadwi,reppy,0.00,0.04
dwiBiloxi,reppy,0.00,0.04
Biloxidwi,reppy,0.00,0.04
dwiOxford,reppy,0.00,0.04
Oxforddwi,reppy,0.00,0.04
dwiTupelo,reppy,0.00,0.04
Tupelodwi,reppy,0.00,0.04
dwiFulton,reppy,0.00,0.04
Fultondwi,reppy,0.00,0.04
dwiJoplin,reppy,0.00,0.04
Joplindwi,reppy,0.00,0.04
dwiMexico,reppy,0.00,0.04
Mexicodwi,reppy,0.00,0.04
dwiMonett,reppy,0.00,0.04
Monettdwi,reppy,0.00,0.04
dwiNeosho,reppy,0.00,0.04
Neoshodwi,reppy,0.00,0.04
dwiDillon,reppy,0.00,0.04
Dillondwi,reppy,0.00,0.04
dwiMcCook,reppy,0.00,0.04
McCookdwi,reppy,0.00,0.04
dwiMinden,reppy,0.00,0.04
Mindendwi,reppy,0.00,0.04
dwiSidney,reppy,0.00,0.04
Sidneydwi,reppy,0.00,0.04
dwiNevada,reppy,0.00,0.04
Nevadadwi,reppy,0.00,0.04
dwiFallon,reppy,0.00,0.04
Fallondwi,reppy,0.00,0.04
dwiSparks,reppy,0.00,0.04
Sparksdwi,reppy,0.00,0.04
dwiDurham,reppy,0.00,0.04
Durhamdwi,reppy,0.00,0.04
dwiExeter,reppy,0.00,0.04
Exeterdwi,reppy,0.00,0.04
dwiNashua,reppy,0.00,0.04
Nashuadwi,reppy,0.00,0.04
dwiEdison,reppy,0.00,0.04
Edisondwi,reppy,0.00,0.04
dwiTotowa,reppy,0.00,0.04
Totowadwi,reppy,0.00,0.04
dwiClovis,reppy,0.00,0.04
Clovisdwi,reppy,0.00,0.04
dwiDeming,reppy,0.00,0.04
Demingdwi,reppy,0.00,0.04
dwiGallup,reppy,0.00,0.04
Gallupdwi,reppy,0.00,0.04
dwiGrants,reppy,0.00,0.04
Grantsdwi,reppy,0.00,0.04
dwiBeacon,reppy,0.00,0.04
Beacondwi,reppy,0.00,0.04
dwiCohoes,reppy,0.00,0.04
Cohoesdwi,reppy,0.00,0.04
dwiElmira,reppy,0.00,0.04
Elmiradwi,reppy,0.00,0.04
dwiHarlem,reppy,0.00,0.04
Harlemdwi,reppy,0.00,0.04
dwiHudson,reppy,0.00,0.04
Hudsondwi,reppy,0.00,0.04
dwiIthaca,reppy,0.00,0.04
Ithacadwi,reppy,0.00,0.04
dwiOneida,reppy,0.00,0.04
Oneidadwi,reppy,0.00,0.04
dwiOswego,reppy,0.00,0.04
Oswegodwi,reppy,0.00,0.04
dwiQueens,reppy,0.00,0.04
Queensdwi,reppy,0.00,0.04
dwiShelby,reppy,0.00,0.04
Shelbydwi,reppy,0.00,0.04
dwiWilson,reppy,0.00,0.04
Wilsondwi,reppy,0.00,0.04
dwiMandan,reppy,0.00,0.04
Mandandwi,reppy,0.00,0.04
dwiDayton,reppy,0.00,0.04
Daytondwi,reppy,0.00,0.04
dwiElyria,reppy,0.00,0.04
Elyriadwi,reppy,0.00,0.04
dwiEuclid,reppy,0.00,0.04
Eucliddwi,reppy,0.00,0.04
dwiLorain,reppy,0.00,0.04
Loraindwi,reppy,0.00,0.04
dwiMentor,reppy,0.00,0.04
Mentordwi,reppy,0.00,0.04
dwiTiffin,reppy,0.00,0.04
Tiffindwi,reppy,0.00,0.04
dwiToledo,reppy,0.00,0.04
Toledodwi,reppy,0.00,0.04
dwiDuncan,reppy,0.00,0.04
Duncandwi,reppy,0.00,0.04
dwiDurant,reppy,0.00,0.04
Durantdwi,reppy,0.00,0.04
dwiEdmond,reppy,0.00,0.04
Edmonddwi,reppy,0.00,0.04
dwiGuymon,reppy,0.00,0.04
Guymondwi,reppy,0.00,0.04
dwiLawton,reppy,0.00,0.04
Lawtondwi,reppy,0.00,0.04
dwiNorman,reppy,0.00,0.04
Normandwi,reppy,0.00,0.04
dwiVinita,reppy,0.00,0.04
Vinitadwi,reppy,0.00,0.04
dwiWewoka,reppy,0.00,0.04
Wewokadwi,reppy,0.00,0.04
dwiEugene,reppy,0.00,0.04
Eugenedwi,reppy,0.00,0.04
dwiSharon,reppy,0.00,0.04
Sharondwi,reppy,0.00,0.04
dwiSumter,reppy,0.00,0.04
Sumterdwi,reppy,0.00,0.04
dwiCuster,reppy,0.00,0.04
Custerdwi,reppy,0.00,0.04
dwiPierre,reppy,0.00,0.04
Pierredwi,reppy,0.00,0.04
dwiNorris,reppy,0.00,0.04
Norrisdwi,reppy,0.00,0.04
dwiAlpine,reppy,0.00,0.04
Alpinedwi,reppy,0.00,0.04
dwiBorger,reppy,0.00,0.04
Borgerdwi,reppy,0.00,0.04
dwiCanyon,reppy,0.00,0.04
Canyondwi,reppy,0.00,0.04
dwiDallas,reppy,0.00,0.04
Dallasdwi,reppy,0.00,0.04
dwiDenton,reppy,0.00,0.04
Dentondwi,reppy,0.00,0.04
dwiGoliad,reppy,0.00,0.04
Goliaddwi,reppy,0.00,0.04
dwiIrving,reppy,0.00,0.04
Irvingdwi,reppy,0.00,0.04
dwiLaredo,reppy,0.00,0.04
Laredodwi,reppy,0.00,0.04
dwiLufkin,reppy,0.00,0.04
Lufkindwi,reppy,0.00,0.04
dwiOdessa,reppy,0.00,0.04
Odessadwi,reppy,0.00,0.04
dwiTemple,reppy,0.00,0.04
Templedwi,reppy,0.00,0.04
dwiUvalde,reppy,0.00,0.04
Uvaldedwi,reppy,0.00,0.04
dwiYsleta,reppy,0.00,0.04
Ysletadwi,reppy,0.00,0.04
dwiLayton,reppy,0.00,0.04
Laytondwi,reppy,0.00,0.04
dwiMurray,reppy,0.00,0.04
Murraydwi,reppy,0.00,0.04
dwiPayson,reppy,0.00,0.04
Paysondwi,reppy,0.00,0.04
dwiTooele,reppy,0.00,0.04
Tooeledwi,reppy,0.00,0.04
dwiVernal,reppy,0.00,0.04
Vernaldwi,reppy,0.00,0.04
dwiReston,reppy,0.00,0.04
Restondwi,reppy,0.00,0.04
dwiRenton,reppy,0.00,0.04
Rentondwi,reppy,0.00,0.04
dwiTacoma,reppy,0.00,0.04
Tacomadwi,reppy,0.00,0.04
dwiYakima,reppy,0.00,0.04
Yakimadwi,reppy,0.00,0.04
dwiElkins,reppy,0.00,0.04
Elkinsdwi,reppy,0.00,0.04
dwiHinton,reppy,0.00,0.04
Hintondwi,reppy,0.00,0.04
dwiKeyser,reppy,0.00,0.04
Keyserdwi,reppy,0.00,0.04
dwiRomney,reppy,0.00,0.04
Romneydwi,reppy,0.00,0.04
dwiWeston,reppy,0.00,0.04
Westondwi,reppy,0.00,0.04
dwiBeloit,reppy,0.00,0.04
Beloitdwi,reppy,0.00,0.04
dwiNeenah,reppy,0.00,0.04
Neenahdwi,reppy,0.00,0.04
dwiOconto,reppy,0.00,0.04
Ocontodwi,reppy,0.00,0.04
dwiRacine,reppy,0.00,0.04
Racinedwi,reppy,0.00,0.04
dwiWausau,reppy,0.00,0.04
Wausaudwi,reppy,0.00,0.04
dwiCasper,reppy,0.00,0.04
Casperdwi,reppy,0.00,0.04
dwiLander,reppy,0.00,0.04
Landerdwi,reppy,0.00,0.04
dwiPowell,reppy,0.00,0.04
Powelldwi,reppy,0.00,0.04
dwiDeLand,reppy,0.00,0.04
DeLanddwi,reppy,0.00,0.04
dwiNewUlm,reppy,0.00,0.04
NewUlmdwi,reppy,0.00,0.04
dwiElReno,reppy,0.00,0.04
ElRenodwi,reppy,0.00,0.04
dwiDeSmet,reppy,0.00,0.04
DeSmetdwi,reppy,0.00,0.04
dwiDelRio,reppy,0.00,0.04
DelRiodwi,reppy,0.00,0.04
dwiElPaso,reppy,0.00,0.04
ElPasodwi,reppy,0.00,0.04
duiAthens,reppy,0.00,0.04
Athensdui,reppy,0.00,0.04
duiAtmore,reppy,0.00,0.04
Atmoredui,reppy,0.00,0.04
duiAuburn,reppy,0.00,0.04
Auburndui,reppy,0.00,0.04
duiDothan,reppy,0.00,0.04
Dothandui,reppy,0.00,0.04
duiJasper,reppy,0.00,0.04
Jasperdui,reppy,0.00,0.04
duiMarion,reppy,0.00,0.04
Mariondui,reppy,0.00,0.04
duiMobile,reppy,0.00,0.04
Mobiledui,reppy,0.00,0.04
duiAlaska,reppy,0.00,0.04
Alaskadui,reppy,0.00,0.04
duiHaines,reppy,0.00,0.04
Hainesdui,reppy,0.00,0.04
duiJuneau,reppy,0.00,0.04
Juneaudui,reppy,0.00,0.04
duiKodiak,reppy,0.00,0.04
Kodiakdui,reppy,0.00,0.04
duiPalmer,reppy,0.00,0.04
Palmerdui,reppy,0.00,0.04
duiSeward,reppy,0.00,0.04
Sewarddui,reppy,0.00,0.04
duiValdez,reppy,0.00,0.04
Valdezdui,reppy,0.00,0.04
duiBisbee,reppy,0.00,0.04
Bisbeedui,reppy,0.00,0.04
duiOraibi,reppy,0.00,0.04
Oraibidui,reppy,0.00,0.04
duiTucson,reppy,0.00,0.04
Tucsondui,reppy,0.00,0.04
duiBenton,reppy,0.00,0.04
Bentondui,reppy,0.00,0.04
duiCamden,reppy,0.00,0.04
Camdendui,reppy,0.00,0.04
duiConway,reppy,0.00,0.04
Conwaydui,reppy,0.00,0.04
duiHelena,reppy,0.00,0.04
Helenadui,reppy,0.00,0.04
duiRogers,reppy,0.00,0.04
Rogersdui,reppy,0.00,0.04
duiSearcy,reppy,0.00,0.04
Searcydui,reppy,0.00,0.04
duiCarmel,reppy,0.00,0.04
Carmeldui,reppy,0.00,0.04
duiCorona,reppy,0.00,0.04
Coronadui,reppy,0.00,0.04
duiDowney,reppy,0.00,0.04
Downeydui,reppy,0.00,0.04
duiEureka,reppy,0.00,0.04
Eurekadui,reppy,0.00,0.04
duiFresno,reppy,0.00,0.04
Fresnodui,reppy,0.00,0.04
duiIrvine,reppy,0.00,0.04
Irvinedui,reppy,0.00,0.04
duiLompoc,reppy,0.00,0.04
Lompocdui,reppy,0.00,0.04
duiMalibu,reppy,0.00,0.04
Malibudui,reppy,0.00,0.04
duiMerced,reppy,0.00,0.04
Merceddui,reppy,0.00,0.04
duiNovato,reppy,0.00,0.04
Novatodui,reppy,0.00,0.04
duiOrange,reppy,0.00,0.04
Orangedui,reppy,0.00,0.04
duiOxnard,reppy,0.00,0.04
Oxnarddui,reppy,0.00,0.04
duiPomona,reppy,0.00,0.04
Pomonadui,reppy,0.00,0.04
duiSonoma,reppy,0.00,0.04
Sonomadui,reppy,0.00,0.04
duiAurora,reppy,0.00,0.04
Auroradui,reppy,0.00,0.04
duiClimax,reppy,0.00,0.04
Climaxdui,reppy,0.00,0.04
duiCortez,reppy,0.00,0.04
Cortezdui,reppy,0.00,0.04
duiDenver,reppy,0.00,0.04
Denverdui,reppy,0.00,0.04
duiGolden,reppy,0.00,0.04
Goldendui,reppy,0.00,0.04
duiPueblo,reppy,0.00,0.04
Pueblodui,reppy,0.00,0.04
duiBerlin,reppy,0.00,0.04
Berlindui,reppy,0.00,0.04
duiDarien,reppy,0.00,0.04
Dariendui,reppy,0.00,0.04
duiGroton,reppy,0.00,0.04
Grotondui,reppy,0.00,0.04
duiHamden,reppy,0.00,0.04
Hamdendui,reppy,0.00,0.04
duiMystic,reppy,0.00,0.04
Mysticdui,reppy,0.00,0.04
duiNewark,reppy,0.00,0.04
Newarkdui,reppy,0.00,0.04
duiSmyrna,reppy,0.00,0.04
Smyrnadui,reppy,0.00,0.04
duiBartow,reppy,0.00,0.04
Bartowdui,reppy,0.00,0.04
duiNaples,reppy,0.00,0.04
Naplesdui,reppy,0.00,0.04
duiVenice,reppy,0.00,0.04
Venicedui,reppy,0.00,0.04
duiAlbany,reppy,0.00,0.04
Albanydui,reppy,0.00,0.04
duiDalton,reppy,0.00,0.04
Daltondui,reppy,0.00,0.04
duiPlains,reppy,0.00,0.04
Plainsdui,reppy,0.00,0.04
duiToccoa,reppy,0.00,0.04
Toccoadui,reppy,0.00,0.04
duiHawaii,reppy,0.00,0.04
Hawaiidui,reppy,0.00,0.04
duiWaimea,reppy,0.00,0.04
Waimeadui,reppy,0.00,0.04
duiMoscow,reppy,0.00,0.04
Moscowdui,reppy,0.00,0.04
duiArthur,reppy,0.00,0.04
Arthurdui,reppy,0.00,0.04
duiCanton,reppy,0.00,0.04
Cantondui,reppy,0.00,0.04
duiCicero,reppy,0.00,0.04
Cicerodui,reppy,0.00,0.04
duiDeKalb,reppy,0.00,0.04
DeKalbdui,reppy,0.00,0.04
duiGalena,reppy,0.00,0.04
Galenadui,reppy,0.00,0.04
duiHerrin,reppy,0.00,0.04
Herrindui,reppy,0.00,0.04
duiJoliet,reppy,0.00,0.04
Jolietdui,reppy,0.00,0.04
duiMacomb,reppy,0.00,0.04
Macombdui,reppy,0.00,0.04
duiMoline,reppy,0.00,0.04
Molinedui,reppy,0.00,0.04
duiNauvoo,reppy,0.00,0.04
Nauvoodui,reppy,0.00,0.04
duiNormal,reppy,0.00,0.04
Normaldui,reppy,0.00,0.04
duiOregon,reppy,0.00,0.04
Oregondui,reppy,0.00,0.04
duiOttawa,reppy,0.00,0.04
Ottawadui,reppy,0.00,0.04
duiPeoria,reppy,0.00,0.04
Peoriadui,reppy,0.00,0.04
duiQuincy,reppy,0.00,0.04
Quincydui,reppy,0.00,0.04
duiSkokie,reppy,0.00,0.04
Skokiedui,reppy,0.00,0.04
duiSummit,reppy,0.00,0.04
Summitdui,reppy,0.00,0.04
duiUrbana,reppy,0.00,0.04
Urbanadui,reppy,0.00,0.04
duiVirden,reppy,0.00,0.04
Virdendui,reppy,0.00,0.04
duiElwood,reppy,0.00,0.04
Elwooddui,reppy,0.00,0.04
duiGeneva,reppy,0.00,0.04
Genevadui,reppy,0.00,0.04
duiGoshen,reppy,0.00,0.04
Goshendui,reppy,0.00,0.04
duiHobart,reppy,0.00,0.04
Hobartdui,reppy,0.00,0.04
duiKokomo,reppy,0.00,0.04
Kokomodui,reppy,0.00,0.04
duiMuncie,reppy,0.00,0.04
Munciedui,reppy,0.00,0.04
duiWabash,reppy,0.00,0.04
Wabashdui,reppy,0.00,0.04
duiKeokuk,reppy,0.00,0.04
Keokukdui,reppy,0.00,0.04
duiNewton,reppy,0.00,0.04
Newtondui,reppy,0.00,0.04
duiKansas,reppy,0.00,0.04
Kansasdui,reppy,0.00,0.04
duiOlathe,reppy,0.00,0.04
Olathedui,reppy,0.00,0.04
duiSalina,reppy,0.00,0.04
Salinadui,reppy,0.00,0.04
duiTopeka,reppy,0.00,0.04
Topekadui,reppy,0.00,0.04
duiHarlan,reppy,0.00,0.04
Harlandui,reppy,0.00,0.04
duiHazard,reppy,0.00,0.04
Hazarddui,reppy,0.00,0.04
duiGretna,reppy,0.00,0.04
Gretnadui,reppy,0.00,0.04
duiMonroe,reppy,0.00,0.04
Monroedui,reppy,0.00,0.04
duiRuston,reppy,0.00,0.04
Rustondui,reppy,0.00,0.04
duiBangor,reppy,0.00,0.04
Bangordui,reppy,0.00,0.04
duiCalais,reppy,0.00,0.04
Calaisdui,reppy,0.00,0.04
duiEaston,reppy,0.00,0.04
Eastondui,reppy,0.00,0.04
duiElkton,reppy,0.00,0.04
Elktondui,reppy,0.00,0.04
duiLaurel,reppy,0.00,0.04
Laureldui,reppy,0.00,0.04
duiTowson,reppy,0.00,0.04
Towsondui,reppy,0.00,0.04
duiBoston,reppy,0.00,0.04
Bostondui,reppy,0.00,0.04
duiBourne,reppy,0.00,0.04
Bournedui,reppy,0.00,0.04
duiDedham,reppy,0.00,0.04
Dedhamdui,reppy,0.00,0.04
duiDennis,reppy,0.00,0.04
Dennisdui,reppy,0.00,0.04
duiLowell,reppy,0.00,0.04
Lowelldui,reppy,0.00,0.04
duiLudlow,reppy,0.00,0.04
Ludlowdui,reppy,0.00,0.04
duiMalden,reppy,0.00,0.04
Maldendui,reppy,0.00,0.04
duiMilton,reppy,0.00,0.04
Miltondui,reppy,0.00,0.04
duiNahant,reppy,0.00,0.04
Nahantdui,reppy,0.00,0.04
duiNatick,reppy,0.00,0.04
Natickdui,reppy,0.00,0.04
duiNorton,reppy,0.00,0.04
Nortondui,reppy,0.00,0.04
duiRevere,reppy,0.00,0.04
Reveredui,reppy,0.00,0.04
duiSaugus,reppy,0.00,0.04
Saugusdui,reppy,0.00,0.04
duiWoburn,reppy,0.00,0.04
Woburndui,reppy,0.00,0.04
duiAdrian,reppy,0.00,0.04
Adriandui,reppy,0.00,0.04
duiEcorse,reppy,0.00,0.04
Ecorsedui,reppy,0.00,0.04
duiWarren,reppy,0.00,0.04
Warrendui,reppy,0.00,0.04
duiAustin,reppy,0.00,0.04
Austindui,reppy,0.00,0.04
duiDuluth,reppy,0.00,0.04
Duluthdui,reppy,0.00,0.04
duiWinona,reppy,0.00,0.04
Winonadui,reppy,0.00,0.04
duiBiloxi,reppy,0.00,0.04
Biloxidui,reppy,0.00,0.04
duiOxford,reppy,0.00,0.04
Oxforddui,reppy,0.00,0.04
duiTupelo,reppy,0.00,0.04
Tupelodui,reppy,0.00,0.04
duiFulton,reppy,0.00,0.04
Fultondui,reppy,0.00,0.04
duiJoplin,reppy,0.00,0.04
Joplindui,reppy,0.00,0.04
duiMexico,reppy,0.00,0.04
Mexicodui,reppy,0.00,0.04
duiMonett,reppy,0.00,0.04
Monettdui,reppy,0.00,0.04
duiNeosho,reppy,0.00,0.04
Neoshodui,reppy,0.00,0.04
duiDillon,reppy,0.00,0.04
Dillondui,reppy,0.00,0.04
duiMcCook,reppy,0.00,0.04
McCookdui,reppy,0.00,0.04
duiMinden,reppy,0.00,0.04
Mindendui,reppy,0.00,0.04
duiSidney,reppy,0.00,0.04
Sidneydui,reppy,0.00,0.04
duiNevada,reppy,0.00,0.04
Nevadadui,reppy,0.00,0.04
duiFallon,reppy,0.00,0.04
Fallondui,reppy,0.00,0.04
duiSparks,reppy,0.00,0.04
Sparksdui,reppy,0.00,0.04
duiDurham,reppy,0.00,0.04
Durhamdui,reppy,0.00,0.04
duiExeter,reppy,0.00,0.04
Exeterdui,reppy,0.00,0.04
duiNashua,reppy,0.00,0.04
Nashuadui,reppy,0.00,0.04
duiEdison,reppy,0.00,0.04
Edisondui,reppy,0.00,0.04
duiTotowa,reppy,0.00,0.04
Totowadui,reppy,0.00,0.04
duiClovis,reppy,0.00,0.04
Clovisdui,reppy,0.00,0.04
duiDeming,reppy,0.00,0.04
Demingdui,reppy,0.00,0.04
duiGallup,reppy,0.00,0.04
Gallupdui,reppy,0.00,0.04
duiGrants,reppy,0.00,0.04
Grantsdui,reppy,0.00,0.04
duiBeacon,reppy,0.00,0.04
Beacondui,reppy,0.00,0.04
duiCohoes,reppy,0.00,0.04
Cohoesdui,reppy,0.00,0.04
duiElmira,reppy,0.00,0.04
Elmiradui,reppy,0.00,0.04
duiHarlem,reppy,0.00,0.04
Harlemdui,reppy,0.00,0.04
duiHudson,reppy,0.00,0.04
Hudsondui,reppy,0.00,0.04
duiIthaca,reppy,0.00,0.04
Ithacadui,reppy,0.00,0.04
duiOneida,reppy,0.00,0.04
Oneidadui,reppy,0.00,0.04
duiOswego,reppy,0.00,0.04
Oswegodui,reppy,0.00,0.04
duiQueens,reppy,0.00,0.04
Queensdui,reppy,0.00,0.04
duiShelby,reppy,0.00,0.04
Shelbydui,reppy,0.00,0.04
duiWilson,reppy,0.00,0.04
Wilsondui,reppy,0.00,0.04
duiMandan,reppy,0.00,0.04
Mandandui,reppy,0.00,0.04
duiDayton,reppy,0.00,0.04
Daytondui,reppy,0.00,0.04
duiElyria,reppy,0.00,0.04
Elyriadui,reppy,0.00,0.04
duiEuclid,reppy,0.00,0.04
Eucliddui,reppy,0.00,0.04
duiLorain,reppy,0.00,0.04
Loraindui,reppy,0.00,0.04
duiMentor,reppy,0.00,0.04
Mentordui,reppy,0.00,0.04
duiTiffin,reppy,0.00,0.04
Tiffindui,reppy,0.00,0.04
duiToledo,reppy,0.00,0.04
Toledodui,reppy,0.00,0.04
duiDuncan,reppy,0.00,0.04
Duncandui,reppy,0.00,0.04
duiDurant,reppy,0.00,0.04
Durantdui,reppy,0.00,0.04
duiEdmond,reppy,0.00,0.04
Edmonddui,reppy,0.00,0.04
duiGuymon,reppy,0.00,0.04
Guymondui,reppy,0.00,0.04
duiLawton,reppy,0.00,0.04
Lawtondui,reppy,0.00,0.04
duiNorman,reppy,0.00,0.04
Normandui,reppy,0.00,0.04
duiVinita,reppy,0.00,0.04
Vinitadui,reppy,0.00,0.04
duiWewoka,reppy,0.00,0.04
Wewokadui,reppy,0.00,0.04
duiEugene,reppy,0.00,0.04
Eugenedui,reppy,0.00,0.04
duiSharon,reppy,0.00,0.04
Sharondui,reppy,0.00,0.04
duiSumter,reppy,0.00,0.04
Sumterdui,reppy,0.00,0.04
duiCuster,reppy,0.00,0.04
Custerdui,reppy,0.00,0.04
duiPierre,reppy,0.00,0.04
Pierredui,reppy,0.00,0.04
duiNorris,reppy,0.00,0.04
Norrisdui,reppy,0.00,0.04
duiAlpine,reppy,0.00,0.04
Alpinedui,reppy,0.00,0.04
duiBorger,reppy,0.00,0.04
Borgerdui,reppy,0.00,0.04
duiCanyon,reppy,0.00,0.04
Canyondui,reppy,0.00,0.04
duiDallas,reppy,0.00,0.04
Dallasdui,reppy,0.00,0.04
duiDenton,reppy,0.00,0.04
Dentondui,reppy,0.00,0.04
duiGoliad,reppy,0.00,0.04
Goliaddui,reppy,0.00,0.04
duiIrving,reppy,0.00,0.04
Irvingdui,reppy,0.00,0.04
duiLaredo,reppy,0.00,0.04
Laredodui,reppy,0.00,0.04
duiLufkin,reppy,0.00,0.04
Lufkindui,reppy,0.00,0.04
duiOdessa,reppy,0.00,0.04
Odessadui,reppy,0.00,0.04
duiTemple,reppy,0.00,0.04
Templedui,reppy,0.00,0.04
duiUvalde,reppy,0.00,0.04
Uvaldedui,reppy,0.00,0.04
duiYsleta,reppy,0.00,0.04
Ysletadui,reppy,0.00,0.04
duiLayton,reppy,0.00,0.04
Laytondui,reppy,0.00,0.04
duiMurray,reppy,0.00,0.04
Murraydui,reppy,0.00,0.04
duiPayson,reppy,0.00,0.04
Paysondui,reppy,0.00,0.04
duiTooele,reppy,0.00,0.04
Tooeledui,reppy,0.00,0.04
duiVernal,reppy,0.00,0.04
Vernaldui,reppy,0.00,0.04
duiReston,reppy,0.00,0.04
Restondui,reppy,0.00,0.04
duiRenton,reppy,0.00,0.04
Rentondui,reppy,0.00,0.04
duiTacoma,reppy,0.00,0.04
Tacomadui,reppy,0.00,0.04
duiYakima,reppy,0.00,0.04
Yakimadui,reppy,0.00,0.04
duiElkins,reppy,0.00,0.04
Elkinsdui,reppy,0.00,0.04
duiHinton,reppy,0.00,0.04
Hintondui,reppy,0.00,0.04
duiKeyser,reppy,0.00,0.04
Keyserdui,reppy,0.00,0.04
duiRomney,reppy,0.00,0.04
Romneydui,reppy,0.00,0.04
duiWeston,reppy,0.00,0.04
Westondui,reppy,0.00,0.04
duiBeloit,reppy,0.00,0.04
Beloitdui,reppy,0.00,0.04
duiNeenah,reppy,0.00,0.04
Neenahdui,reppy,0.00,0.04
duiOconto,reppy,0.00,0.04
Ocontodui,reppy,0.00,0.04
duiRacine,reppy,0.00,0.04
Racinedui,reppy,0.00,0.04
duiWausau,reppy,0.00,0.04
Wausaudui,reppy,0.00,0.04
duiCasper,reppy,0.00,0.04
Casperdui,reppy,0.00,0.04
duiLander,reppy,0.00,0.04
Landerdui,reppy,0.00,0.04
duiPowell,reppy,0.00,0.04
Powelldui,reppy,0.00,0.04
duiDeLand,reppy,0.00,0.04
DeLanddui,reppy,0.00,0.04
duiNewUlm,reppy,0.00,0.04
NewUlmdui,reppy,0.00,0.04
duiElReno,reppy,0.00,0.04
ElRenodui,reppy,0.00,0.04
duiDeSmet,reppy,0.00,0.04
DeSmetdui,reppy,0.00,0.04
duiDelRio,reppy,0.00,0.04
DelRiodui,reppy,0.00,0.04
duiElPaso,reppy,0.00,0.04
ElPasodui,reppy,0.00,0.04
FortPayne,reppy,0.00,0.04
FortSmith,reppy,0.00,0.04
PineBluff,reppy,0.00,0.04
BuenaPark,reppy,0.00,0.04
CostaMesa,reppy,0.00,0.04
ElCerrito,reppy,0.00,0.04
LongBeach,reppy,0.00,0.04
MenloPark,reppy,0.00,0.04
SanMarino,reppy,0.00,0.04
SanRafael,reppy,0.00,0.04
SanSimeon,reppy,0.00,0.04
SantaCruz,reppy,0.00,0.04
SantaRosa,reppy,0.00,0.04
CanonCity,reppy,0.00,0.04
EstesPark,reppy,0.00,0.04
EastHaven,reppy,0.00,0.04
NewLondon,reppy,0.00,0.04
WestHaven,reppy,0.00,0.04
BocaRaton,reppy,0.00,0.04
CapeCoral,reppy,0.00,0.04
FortMyers,reppy,0.00,0.04
LakeWales,reppy,0.00,0.04
PalmBeach,reppy,0.00,0.04
EastPoint,reppy,0.00,0.04
IdahoCity,reppy,0.00,0.04
SunValley,reppy,0.00,0.04
TwinFalls,reppy,0.00,0.04
GlenEllyn,reppy,0.00,0.04
ParkRidge,reppy,0.00,0.04
WoodRiver,reppy,0.00,0.04
FortWayne,reppy,0.00,0.04
NewAlbany,reppy,0.00,0.04
SouthBend,reppy,0.00,0.04
DesMoines,reppy,0.00,0.04
FortDodge,reppy,0.00,0.04
MasonCity,reppy,0.00,0.04
SiouxCity,reppy,0.00,0.04
DodgeCity,reppy,0.00,0.04
FortScott,reppy,0.00,0.04
GreatBend,reppy,0.00,0.04
NewIberia,reppy,0.00,0.04
BarHarbor,reppy,0.00,0.04
OceanCity,reppy,0.00,0.04
FallRiver,reppy,0.00,0.04
WoodsHole,reppy,0.00,0.04
PortHuron,reppy,0.00,0.04
AlbertLea,reppy,0.00,0.04
SaintPaul,reppy,0.00,0.04
WestPoint,reppy,0.00,0.04
YazooCity,reppy,0.00,0.04
NewMadrid,reppy,0.00,0.04
MilesCity,reppy,0.00,0.04
UnionCity,reppy,0.00,0.04
LasCruces,reppy,0.00,0.04
LosAlamos,reppy,0.00,0.04
GreatNeck,reppy,0.00,0.04
OysterBay,reppy,0.00,0.04
SagHarbor,reppy,0.00,0.04
HighPoint,reppy,0.00,0.04
KittyHawk,reppy,0.00,0.04
PoncaCity,reppy,0.00,0.04
BakerCity,reppy,0.00,0.04
HoodRiver,reppy,0.00,0.04
TheDalles,reppy,0.00,0.04
JimThorpe,reppy,0.00,0.04
LockHaven,reppy,0.00,0.04
RapidCity,reppy,0.00,0.04
BigSpring,reppy,0.00,0.04
EaglePass,reppy,0.00,0.04
FortWorth,reppy,0.00,0.04
SanAngelo,reppy,0.00,0.04
SanFelipe,reppy,0.00,0.04
SanMarcos,reppy,0.00,0.04
TexasCity,reppy,0.00,0.04
CedarCity,reppy,0.00,0.04
HeberCity,reppy,0.00,0.04
NewMarket,reppy,0.00,0.04
CouleeDam,reppy,0.00,0.04
MosesLake,reppy,0.00,0.04
OakHarbor,reppy,0.00,0.04
EauClaire,reppy,0.00,0.04
NewGlarus,reppy,0.00,0.04
WestAllis,reppy,0.00,0.04
FondduLac,reppy,0.00,0.04
dwiAlabama,reppy,0.00,0.04
Alabamadwi,reppy,0.00,0.04
dwiClanton,reppy,0.00,0.04
Clantondwi,reppy,0.00,0.04
dwiCullman,reppy,0.00,0.04
Cullmandwi,reppy,0.00,0.04
dwiDecatur,reppy,0.00,0.04
Decaturdwi,reppy,0.00,0.04
dwiEufaula,reppy,0.00,0.04
Eufauladwi,reppy,0.00,0.04
dwiGadsden,reppy,0.00,0.04
Gadsdendwi,reppy,0.00,0.04
dwiOpelika,reppy,0.00,0.04
Opelikadwi,reppy,0.00,0.04
dwiCordova,reppy,0.00,0.04
Cordovadwi,reppy,0.00,0.04
dwiSkagway,reppy,0.00,0.04
Skagwaydwi,reppy,0.00,0.04
dwiArizona,reppy,0.00,0.04
Arizonadwi,reppy,0.00,0.04
dwiClifton,reppy,0.00,0.04
Cliftondwi,reppy,0.00,0.04
dwiDouglas,reppy,0.00,0.04
Douglasdwi,reppy,0.00,0.04
dwiKingman,reppy,0.00,0.04
Kingmandwi,reppy,0.00,0.04
dwiNogales,reppy,0.00,0.04
Nogalesdwi,reppy,0.00,0.04
dwiPhoenix,reppy,0.00,0.04
Phoenixdwi,reppy,0.00,0.04
dwiWinslow,reppy,0.00,0.04
Winslowdwi,reppy,0.00,0.04
dwiNewport,reppy,0.00,0.04
Newportdwi,reppy,0.00,0.04
dwiOsceola,reppy,0.00,0.04
Osceoladwi,reppy,0.00,0.04
dwiAlameda,reppy,0.00,0.04
Alamedadwi,reppy,0.00,0.04
dwiAnaheim,reppy,0.00,0.04
Anaheimdwi,reppy,0.00,0.04
dwiAntioch,reppy,0.00,0.04
Antiochdwi,reppy,0.00,0.04
dwiArcadia,reppy,0.00,0.04
Arcadiadwi,reppy,0.00,0.04
dwiBarstow,reppy,0.00,0.04
Barstowdwi,reppy,0.00,0.04
dwiBelmont,reppy,0.00,0.04
Belmontdwi,reppy,0.00,0.04
dwiBurbank,reppy,0.00,0.04
Burbankdwi,reppy,0.00,0.04
dwiCompton,reppy,0.00,0.04
Comptondwi,reppy,0.00,0.04
dwiConcord,reppy,0.00,0.04
Concorddwi,reppy,0.00,0.04
dwiFontana,reppy,0.00,0.04
Fontanadwi,reppy,0.00,0.04
dwiFremont,reppy,0.00,0.04
Fremontdwi,reppy,0.00,0.04
dwiHayward,reppy,0.00,0.04
Haywarddwi,reppy,0.00,0.04
dwiModesto,reppy,0.00,0.04
Modestodwi,reppy,0.00,0.04
dwiNeedles,reppy,0.00,0.04
Needlesdwi,reppy,0.00,0.04
dwiNorwalk,reppy,0.00,0.04
Norwalkdwi,reppy,0.00,0.04
dwiOakland,reppy,0.00,0.04
Oaklanddwi,reppy,0.00,0.04
dwiOntario,reppy,0.00,0.04
Ontariodwi,reppy,0.00,0.04
dwiRedding,reppy,0.00,0.04
Reddingdwi,reppy,0.00,0.04
dwiSalinas,reppy,0.00,0.04
Salinasdwi,reppy,0.00,0.04
dwiTurlock,reppy,0.00,0.04
Turlockdwi,reppy,0.00,0.04
dwiVallejo,reppy,0.00,0.04
Vallejodwi,reppy,0.00,0.04
dwiVentura,reppy,0.00,0.04
Venturadwi,reppy,0.00,0.04
dwiVisalia,reppy,0.00,0.04
Visaliadwi,reppy,0.00,0.04
dwiAlamosa,reppy,0.00,0.04
Alamosadwi,reppy,0.00,0.04
dwiBoulder,reppy,0.00,0.04
Boulderdwi,reppy,0.00,0.04
dwiDurango,reppy,0.00,0.04
Durangodwi,reppy,0.00,0.04
dwiGreeley,reppy,0.00,0.04
Greeleydwi,reppy,0.00,0.04
dwiAnsonia,reppy,0.00,0.04
Ansoniadwi,reppy,0.00,0.04
dwiBristol,reppy,0.00,0.04
Bristoldwi,reppy,0.00,0.04
dwiDanbury,reppy,0.00,0.04
Danburydwi,reppy,0.00,0.04
dwiEnfield,reppy,0.00,0.04
Enfielddwi,reppy,0.00,0.04
dwiLebanon,reppy,0.00,0.04
Lebanondwi,reppy,0.00,0.04
dwiMeriden,reppy,0.00,0.04
Meridendwi,reppy,0.00,0.04
dwiMilford,reppy,0.00,0.04
Milforddwi,reppy,0.00,0.04
dwiNorwich,reppy,0.00,0.04
Norwichdwi,reppy,0.00,0.04
dwiSeymour,reppy,0.00,0.04
Seymourdwi,reppy,0.00,0.04
dwiShelton,reppy,0.00,0.04
Sheltondwi,reppy,0.00,0.04
dwiWindham,reppy,0.00,0.04
Windhamdwi,reppy,0.00,0.04
dwiWindsor,reppy,0.00,0.04
Windsordwi,reppy,0.00,0.04
dwiWinsted,reppy,0.00,0.04
Winsteddwi,reppy,0.00,0.04
dwiFlorida,reppy,0.00,0.04
Floridadwi,reppy,0.00,0.04
dwiHialeah,reppy,0.00,0.04
Hialeahdwi,reppy,0.00,0.04
dwiOrlando,reppy,0.00,0.04
Orlandodwi,reppy,0.00,0.04
dwiPalatka,reppy,0.00,0.04
Palatkadwi,reppy,0.00,0.04
dwiSanford,reppy,0.00,0.04
Sanforddwi,reppy,0.00,0.04
dwiSebring,reppy,0.00,0.04
Sebringdwi,reppy,0.00,0.04
dwiGeorgia,reppy,0.00,0.04
Georgiadwi,reppy,0.00,0.04
dwiAtlanta,reppy,0.00,0.04
Atlantadwi,reppy,0.00,0.04
dwiAugusta,reppy,0.00,0.04
Augustadwi,reppy,0.00,0.04
dwiCalhoun,reppy,0.00,0.04
Calhoundwi,reppy,0.00,0.04
dwiHanalei,reppy,0.00,0.04
Hanaleidwi,reppy,0.00,0.04
dwiKahului,reppy,0.00,0.04
Kahuluidwi,reppy,0.00,0.04
dwiKaneohe,reppy,0.00,0.04
Kaneohedwi,reppy,0.00,0.04
dwiLahaina,reppy,0.00,0.04
Lahainadwi,reppy,0.00,0.04
dwiWahiawa,reppy,0.00,0.04
Wahiawadwi,reppy,0.00,0.04
dwiWailuku,reppy,0.00,0.04
Wailukudwi,reppy,0.00,0.04
dwiKellogg,reppy,0.00,0.04
Kelloggdwi,reppy,0.00,0.04
dwiRexburg,reppy,0.00,0.04
Rexburgdwi,reppy,0.00,0.04
dwiCahokia,reppy,0.00,0.04
Cahokiadwi,reppy,0.00,0.04
dwiChester,reppy,0.00,0.04
Chesterdwi,reppy,0.00,0.04
dwiChicago,reppy,0.00,0.04
Chicagodwi,reppy,0.00,0.04
dwiKewanee,reppy,0.00,0.04
Kewaneedwi,reppy,0.00,0.04
dwiLincoln,reppy,0.00,0.04
Lincolndwi,reppy,0.00,0.04
dwiLombard,reppy,0.00,0.04
Lombarddwi,reppy,0.00,0.04
dwiMattoon,reppy,0.00,0.04
Mattoondwi,reppy,0.00,0.04
dwiPontiac,reppy,0.00,0.04
Pontiacdwi,reppy,0.00,0.04
dwiRantoul,reppy,0.00,0.04
Rantouldwi,reppy,0.00,0.04
dwiWheaton,reppy,0.00,0.04
Wheatondwi,reppy,0.00,0.04
dwiIndiana,reppy,0.00,0.04
Indianadwi,reppy,0.00,0.04
dwiBedford,reppy,0.00,0.04
Bedforddwi,reppy,0.00,0.04
dwiCorydon,reppy,0.00,0.04
Corydondwi,reppy,0.00,0.04
dwiElkhart,reppy,0.00,0.04
Elkhartdwi,reppy,0.00,0.04
dwiHammond,reppy,0.00,0.04
Hammonddwi,reppy,0.00,0.04
dwiMadison,reppy,0.00,0.04
Madisondwi,reppy,0.00,0.04
dwiClinton,reppy,0.00,0.04
Clintondwi,reppy,0.00,0.04
dwiDubuque,reppy,0.00,0.04
Dubuquedwi,reppy,0.00,0.04
dwiOttumwa,reppy,0.00,0.04
Ottumwadwi,reppy,0.00,0.04
dwiAbilene,reppy,0.00,0.04
Abilenedwi,reppy,0.00,0.04
dwiChanute,reppy,0.00,0.04
Chanutedwi,reppy,0.00,0.04
dwiEmporia,reppy,0.00,0.04
Emporiadwi,reppy,0.00,0.04
dwiLiberal,reppy,0.00,0.04
Liberaldwi,reppy,0.00,0.04
dwiShawnee,reppy,0.00,0.04
Shawneedwi,reppy,0.00,0.04
dwiWichita,reppy,0.00,0.04
Wichitadwi,reppy,0.00,0.04
dwiAshland,reppy,0.00,0.04
Ashlanddwi,reppy,0.00,0.04
dwiPaducah,reppy,0.00,0.04
Paducahdwi,reppy,0.00,0.04
dwiBastrop,reppy,0.00,0.04
Bastropdwi,reppy,0.00,0.04
dwiBelfast,reppy,0.00,0.04
Belfastdwi,reppy,0.00,0.04
dwiCaribou,reppy,0.00,0.04
Cariboudwi,reppy,0.00,0.04
dwiCastine,reppy,0.00,0.04
Castinedwi,reppy,0.00,0.04
dwiHoulton,reppy,0.00,0.04
Houltondwi,reppy,0.00,0.04
dwiKittery,reppy,0.00,0.04
Kitterydwi,reppy,0.00,0.04
dwiMachias,reppy,0.00,0.04
Machiasdwi,reppy,0.00,0.04
dwiRumford,reppy,0.00,0.04
Rumforddwi,reppy,0.00,0.04
dwiAmherst,reppy,0.00,0.04
Amherstdwi,reppy,0.00,0.04
dwiAndover,reppy,0.00,0.04
Andoverdwi,reppy,0.00,0.04
dwiBeverly,reppy,0.00,0.04
Beverlydwi,reppy,0.00,0.04
dwiChelsea,reppy,0.00,0.04
Chelseadwi,reppy,0.00,0.04
dwiDanvers,reppy,0.00,0.04
Danversdwi,reppy,0.00,0.04
dwiDuxbury,reppy,0.00,0.04
Duxburydwi,reppy,0.00,0.04
dwiEastham,reppy,0.00,0.04
Easthamdwi,reppy,0.00,0.04
dwiEverett,reppy,0.00,0.04
Everettdwi,reppy,0.00,0.04
dwiHarwich,reppy,0.00,0.04
Harwichdwi,reppy,0.00,0.04
dwiHingham,reppy,0.00,0.04
Hinghamdwi,reppy,0.00,0.04
dwiHolyoke,reppy,0.00,0.04
Holyokedwi,reppy,0.00,0.04
dwiHyannis,reppy,0.00,0.04
Hyannisdwi,reppy,0.00,0.04
dwiIpswich,reppy,0.00,0.04
Ipswichdwi,reppy,0.00,0.04
dwiMedford,reppy,0.00,0.04
Medforddwi,reppy,0.00,0.04
dwiNorwood,reppy,0.00,0.04
Norwooddwi,reppy,0.00,0.04
dwiPeabody,reppy,0.00,0.04
Peabodydwi,reppy,0.00,0.04
dwiSudbury,reppy,0.00,0.04
Sudburydwi,reppy,0.00,0.04
dwiTaunton,reppy,0.00,0.04
Tauntondwi,reppy,0.00,0.04
dwiWebster,reppy,0.00,0.04
Websterdwi,reppy,0.00,0.04
dwiWhitman,reppy,0.00,0.04
Whitmandwi,reppy,0.00,0.04
dwiDetroit,reppy,0.00,0.04
Detroitdwi,reppy,0.00,0.04
dwiHancock,reppy,0.00,0.04
Hancockdwi,reppy,0.00,0.04
dwiHolland,reppy,0.00,0.04
Hollanddwi,reppy,0.00,0.04
dwiJackson,reppy,0.00,0.04
Jacksondwi,reppy,0.00,0.04
dwiLansing,reppy,0.00,0.04
Lansingdwi,reppy,0.00,0.04
dwiLivonia,reppy,0.00,0.04
Livoniadwi,reppy,0.00,0.04
dwiMidland,reppy,0.00,0.04
Midlanddwi,reppy,0.00,0.04
dwiSaginaw,reppy,0.00,0.04
Saginawdwi,reppy,0.00,0.04
dwiTrenton,reppy,0.00,0.04
Trentondwi,reppy,0.00,0.04
dwiBemidji,reppy,0.00,0.04
Bemidjidwi,reppy,0.00,0.04
dwiEveleth,reppy,0.00,0.04
Evelethdwi,reppy,0.00,0.04
dwiHibbing,reppy,0.00,0.04
Hibbingdwi,reppy,0.00,0.04
dwiMankato,reppy,0.00,0.04
Mankatodwi,reppy,0.00,0.04
dwiWillmar,reppy,0.00,0.04
Willmardwi,reppy,0.00,0.04
dwiCorinth,reppy,0.00,0.04
Corinthdwi,reppy,0.00,0.04
dwiGrenada,reppy,0.00,0.04
Grenadadwi,reppy,0.00,0.04
dwiNatchez,reppy,0.00,0.04
Natchezdwi,reppy,0.00,0.04
dwiBranson,reppy,0.00,0.04
Bransondwi,reppy,0.00,0.04
dwiClayton,reppy,0.00,0.04
Claytondwi,reppy,0.00,0.04
dwiSedalia,reppy,0.00,0.04
Sedaliadwi,reppy,0.00,0.04
dwiMontana,reppy,0.00,0.04
Montanadwi,reppy,0.00,0.04
dwiBozeman,reppy,0.00,0.04
Bozemandwi,reppy,0.00,0.04
dwiChadron,reppy,0.00,0.04
Chadrondwi,reppy,0.00,0.04
dwiKearney,reppy,0.00,0.04
Kearneydwi,reppy,0.00,0.04
dwiNorfolk,reppy,0.00,0.04
Norfolkdwi,reppy,0.00,0.04
dwiHanover,reppy,0.00,0.04
Hanoverdwi,reppy,0.00,0.04
dwiLaconia,reppy,0.00,0.04
Laconiadwi,reppy,0.00,0.04
dwiBayonne,reppy,0.00,0.04
Bayonnedwi,reppy,0.00,0.04
dwiHoboken,reppy,0.00,0.04
Hobokendwi,reppy,0.00,0.04
dwiPassaic,reppy,0.00,0.04
Passaicdwi,reppy,0.00,0.04
dwiRoselle,reppy,0.00,0.04
Roselledwi,reppy,0.00,0.04
dwiArtesia,reppy,0.00,0.04
Artesiadwi,reppy,0.00,0.04
dwiRoswell,reppy,0.00,0.04
Roswelldwi,reppy,0.00,0.04
dwiSocorro,reppy,0.00,0.04
Socorrodwi,reppy,0.00,0.04
dwiBabylon,reppy,0.00,0.04
Babylondwi,reppy,0.00,0.04
dwiBatavia,reppy,0.00,0.04
Bataviadwi,reppy,0.00,0.04
dwiBuffalo,reppy,0.00,0.04
Buffalodwi,reppy,0.00,0.04
dwiCorning,reppy,0.00,0.04
Corningdwi,reppy,0.00,0.04
dwiDunkirk,reppy,0.00,0.04
Dunkirkdwi,reppy,0.00,0.04
dwiMassena,reppy,0.00,0.04
Massenadwi,reppy,0.00,0.04
dwiMineola,reppy,0.00,0.04
Mineoladwi,reppy,0.00,0.04
dwiOneonta,reppy,0.00,0.04
Oneontadwi,reppy,0.00,0.04
dwiPalmyra,reppy,0.00,0.04
Palmyradwi,reppy,0.00,0.04
dwiPotsdam,reppy,0.00,0.04
Potsdamdwi,reppy,0.00,0.04
dwiYonkers,reppy,0.00,0.04
Yonkersdwi,reppy,0.00,0.04
dwiEdenton,reppy,0.00,0.04
Edentondwi,reppy,0.00,0.04
dwiHalifax,reppy,0.00,0.04
Halifaxdwi,reppy,0.00,0.04
dwiHickory,reppy,0.00,0.04
Hickorydwi,reppy,0.00,0.04
dwiKinston,reppy,0.00,0.04
Kinstondwi,reppy,0.00,0.04
dwiRaleigh,reppy,0.00,0.04
Raleighdwi,reppy,0.00,0.04
dwiFindlay,reppy,0.00,0.04
Findlaydwi,reppy,0.00,0.04
dwiOberlin,reppy,0.00,0.04
Oberlindwi,reppy,0.00,0.04
dwiWooster,reppy,0.00,0.04
Woosterdwi,reppy,0.00,0.04
dwiArdmore,reppy,0.00,0.04
Ardmoredwi,reppy,0.00,0.04
dwiBethany,reppy,0.00,0.04
Bethanydwi,reppy,0.00,0.04
dwiCushing,reppy,0.00,0.04
Cushingdwi,reppy,0.00,0.04
dwiGuthrie,reppy,0.00,0.04
Guthriedwi,reppy,0.00,0.04
dwiSapulpa,reppy,0.00,0.04
Sapulpadwi,reppy,0.00,0.04
dwiAstoria,reppy,0.00,0.04
Astoriadwi,reppy,0.00,0.04
dwiNewberg,reppy,0.00,0.04
Newbergdwi,reppy,0.00,0.04
dwiRedmond,reppy,0.00,0.04
Redmonddwi,reppy,0.00,0.04
dwiSeaside,reppy,0.00,0.04
Seasidedwi,reppy,0.00,0.04
dwiAltoona,reppy,0.00,0.04
Altoonadwi,reppy,0.00,0.04
dwiHarmony,reppy,0.00,0.04
Harmonydwi,reppy,0.00,0.04
dwiHershey,reppy,0.00,0.04
Hersheydwi,reppy,0.00,0.04
dwiReading,reppy,0.00,0.04
Readingdwi,reppy,0.00,0.04
dwiSunbury,reppy,0.00,0.04
Sunburydwi,reppy,0.00,0.04
dwiTamaqua,reppy,0.00,0.04
Tamaquadwi,reppy,0.00,0.04
dwiWarwick,reppy,0.00,0.04
Warwickdwi,reppy,0.00,0.04
dwiGaffney,reppy,0.00,0.04
Gaffneydwi,reppy,0.00,0.04
dwiMilbank,reppy,0.00,0.04
Milbankdwi,reppy,0.00,0.04
dwiSturgis,reppy,0.00,0.04
Sturgisdwi,reppy,0.00,0.04
dwiYankton,reppy,0.00,0.04
Yanktondwi,reppy,0.00,0.04
dwiMemphis,reppy,0.00,0.04
Memphisdwi,reppy,0.00,0.04
dwiBaytown,reppy,0.00,0.04
Baytowndwi,reppy,0.00,0.04
dwiDenison,reppy,0.00,0.04
Denisondwi,reppy,0.00,0.04
dwiGarland,reppy,0.00,0.04
Garlanddwi,reppy,0.00,0.04
dwiHouston,reppy,0.00,0.04
Houstondwi,reppy,0.00,0.04
dwiKilgore,reppy,0.00,0.04
Kilgoredwi,reppy,0.00,0.04
dwiKilleen,reppy,0.00,0.04
Killeendwi,reppy,0.00,0.04
dwiLubbock,reppy,0.00,0.04
Lubbockdwi,reppy,0.00,0.04
dwiMcAllen,reppy,0.00,0.04
McAllendwi,reppy,0.00,0.04
dwiMission,reppy,0.00,0.04
Missiondwi,reppy,0.00,0.04
dwiSherman,reppy,0.00,0.04
Shermandwi,reppy,0.00,0.04
dwiVermont,reppy,0.00,0.04
Vermontdwi,reppy,0.00,0.04
dwiRutland,reppy,0.00,0.04
Rutlanddwi,reppy,0.00,0.04
dwiFairfax,reppy,0.00,0.04
Fairfaxdwi,reppy,0.00,0.04
dwiHampton,reppy,0.00,0.04
Hamptondwi,reppy,0.00,0.04
dwiRoanoke,reppy,0.00,0.04
Roanokedwi,reppy,0.00,0.04
dwiSuffolk,reppy,0.00,0.04
Suffolkdwi,reppy,0.00,0.04
dwiEphrata,reppy,0.00,0.04
Ephratadwi,reppy,0.00,0.04
dwiHoquiam,reppy,0.00,0.04
Hoquiamdwi,reppy,0.00,0.04
dwiOlympia,reppy,0.00,0.04
Olympiadwi,reppy,0.00,0.04
dwiPullman,reppy,0.00,0.04
Pullmandwi,reppy,0.00,0.04
dwiSeattle,reppy,0.00,0.04
Seattledwi,reppy,0.00,0.04
dwiSpokane,reppy,0.00,0.04
Spokanedwi,reppy,0.00,0.04
dwiBeckley,reppy,0.00,0.04
Beckleydwi,reppy,0.00,0.04
dwiGrafton,reppy,0.00,0.04
Graftondwi,reppy,0.00,0.04
dwiWeirton,reppy,0.00,0.04
Weirtondwi,reppy,0.00,0.04
dwiBaraboo,reppy,0.00,0.04
Baraboodwi,reppy,0.00,0.04
dwiKenosha,reppy,0.00,0.04
Kenoshadwi,reppy,0.00,0.04
dwiMenasha,reppy,0.00,0.04
Menashadwi,reppy,0.00,0.04
dwiOshkosh,reppy,0.00,0.04
Oshkoshdwi,reppy,0.00,0.04
dwiPortage,reppy,0.00,0.04
Portagedwi,reppy,0.00,0.04
dwiWyoming,reppy,0.00,0.04
Wyomingdwi,reppy,0.00,0.04
dwiLaramie,reppy,0.00,0.04
Laramiedwi,reppy,0.00,0.04
dwiRawlins,reppy,0.00,0.04
Rawlinsdwi,reppy,0.00,0.04
dwiWorland,reppy,0.00,0.04
Worlanddwi,reppy,0.00,0.04
dwiElMonte,reppy,0.00,0.04
ElMontedwi,reppy,0.00,0.04
dwiLaHabra,reppy,0.00,0.04
LaHabradwi,reppy,0.00,0.04
dwiSanJose,reppy,0.00,0.04
SanJosedwi,reppy,0.00,0.04
dwiLaJunta,reppy,0.00,0.04
LaJuntadwi,reppy,0.00,0.04
dwiKeyWest,reppy,0.00,0.04
KeyWestdwi,reppy,0.00,0.04
dwiPalmBay,reppy,0.00,0.04
PalmBaydwi,reppy,0.00,0.04
dwiLaSalle,reppy,0.00,0.04
LaSalledwi,reppy,0.00,0.04
dwiOakPark,reppy,0.00,0.04
OakParkdwi,reppy,0.00,0.04
dwiBayCity,reppy,0.00,0.04
BayCitydwi,reppy,0.00,0.04
dwiRedWing,reppy,0.00,0.04
RedWingdwi,reppy,0.00,0.04
dwiCapeMay,reppy,0.00,0.04
CapeMaydwi,reppy,0.00,0.04
dwiFortLee,reppy,0.00,0.04
FortLeedwi,reppy,0.00,0.04
dwiSantaFe,reppy,0.00,0.04
SantaFedwi,reppy,0.00,0.04
dwiNewYork,reppy,0.00,0.04
NewYorkdwi,reppy,0.00,0.04
dwiNewBern,reppy,0.00,0.04
NewBerndwi,reppy,0.00,0.04
dwiElkCity,reppy,0.00,0.04
ElkCitydwi,reppy,0.00,0.04
dwiCoosBay,reppy,0.00,0.04
CoosBaydwi,reppy,0.00,0.04
dwiJohnDay,reppy,0.00,0.04
JohnDaydwi,reppy,0.00,0.04
dwiNewHope,reppy,0.00,0.04
NewHopedwi,reppy,0.00,0.04
dwiOilCity,reppy,0.00,0.04
OilCitydwi,reppy,0.00,0.04
duiAlabama,reppy,0.00,0.04
Alabamadui,reppy,0.00,0.04
duiClanton,reppy,0.00,0.04
Clantondui,reppy,0.00,0.04
duiCullman,reppy,0.00,0.04
Cullmandui,reppy,0.00,0.04
duiDecatur,reppy,0.00,0.04
Decaturdui,reppy,0.00,0.04
duiEufaula,reppy,0.00,0.04
Eufauladui,reppy,0.00,0.04
duiGadsden,reppy,0.00,0.04
Gadsdendui,reppy,0.00,0.04
duiOpelika,reppy,0.00,0.04
Opelikadui,reppy,0.00,0.04
duiCordova,reppy,0.00,0.04
Cordovadui,reppy,0.00,0.04
duiSkagway,reppy,0.00,0.04
Skagwaydui,reppy,0.00,0.04
duiArizona,reppy,0.00,0.04
Arizonadui,reppy,0.00,0.04
duiClifton,reppy,0.00,0.04
Cliftondui,reppy,0.00,0.04
duiDouglas,reppy,0.00,0.04
Douglasdui,reppy,0.00,0.04
duiKingman,reppy,0.00,0.04
Kingmandui,reppy,0.00,0.04
duiNogales,reppy,0.00,0.04
Nogalesdui,reppy,0.00,0.04
duiPhoenix,reppy,0.00,0.04
Phoenixdui,reppy,0.00,0.04
duiWinslow,reppy,0.00,0.04
Winslowdui,reppy,0.00,0.04
duiNewport,reppy,0.00,0.04
Newportdui,reppy,0.00,0.04
duiOsceola,reppy,0.00,0.04
Osceoladui,reppy,0.00,0.04
duiAlameda,reppy,0.00,0.04
Alamedadui,reppy,0.00,0.04
duiAnaheim,reppy,0.00,0.04
Anaheimdui,reppy,0.00,0.04
duiAntioch,reppy,0.00,0.04
Antiochdui,reppy,0.00,0.04
duiArcadia,reppy,0.00,0.04
Arcadiadui,reppy,0.00,0.04
duiBarstow,reppy,0.00,0.04
Barstowdui,reppy,0.00,0.04
duiBelmont,reppy,0.00,0.04
Belmontdui,reppy,0.00,0.04
duiBurbank,reppy,0.00,0.04
Burbankdui,reppy,0.00,0.04
duiCompton,reppy,0.00,0.04
Comptondui,reppy,0.00,0.04
duiConcord,reppy,0.00,0.04
Concorddui,reppy,0.00,0.04
duiFontana,reppy,0.00,0.04
Fontanadui,reppy,0.00,0.04
duiFremont,reppy,0.00,0.04
Fremontdui,reppy,0.00,0.04
duiHayward,reppy,0.00,0.04
Haywarddui,reppy,0.00,0.04
duiModesto,reppy,0.00,0.04
Modestodui,reppy,0.00,0.04
duiNeedles,reppy,0.00,0.04
Needlesdui,reppy,0.00,0.04
duiNorwalk,reppy,0.00,0.04
Norwalkdui,reppy,0.00,0.04
duiOakland,reppy,0.00,0.04
Oaklanddui,reppy,0.00,0.04
duiOntario,reppy,0.00,0.04
Ontariodui,reppy,0.00,0.04
duiRedding,reppy,0.00,0.04
Reddingdui,reppy,0.00,0.04
duiSalinas,reppy,0.00,0.04
Salinasdui,reppy,0.00,0.04
duiTurlock,reppy,0.00,0.04
Turlockdui,reppy,0.00,0.04
duiVallejo,reppy,0.00,0.04
Vallejodui,reppy,0.00,0.04
duiVentura,reppy,0.00,0.04
Venturadui,reppy,0.00,0.04
duiVisalia,reppy,0.00,0.04
Visaliadui,reppy,0.00,0.04
duiAlamosa,reppy,0.00,0.04
Alamosadui,reppy,0.00,0.04
duiBoulder,reppy,0.00,0.04
Boulderdui,reppy,0.00,0.04
duiDurango,reppy,0.00,0.04
Durangodui,reppy,0.00,0.04
duiGreeley,reppy,0.00,0.04
Greeleydui,reppy,0.00,0.04
duiAnsonia,reppy,0.00,0.04
Ansoniadui,reppy,0.00,0.04
duiBristol,reppy,0.00,0.04
Bristoldui,reppy,0.00,0.04
duiDanbury,reppy,0.00,0.04
Danburydui,reppy,0.00,0.04
duiEnfield,reppy,0.00,0.04
Enfielddui,reppy,0.00,0.04
duiLebanon,reppy,0.00,0.04
Lebanondui,reppy,0.00,0.04
duiMeriden,reppy,0.00,0.04
Meridendui,reppy,0.00,0.04
duiMilford,reppy,0.00,0.04
Milforddui,reppy,0.00,0.04
duiNorwich,reppy,0.00,0.04
Norwichdui,reppy,0.00,0.04
duiSeymour,reppy,0.00,0.04
Seymourdui,reppy,0.00,0.04
duiShelton,reppy,0.00,0.04
Sheltondui,reppy,0.00,0.04
duiWindham,reppy,0.00,0.04
Windhamdui,reppy,0.00,0.04
duiWindsor,reppy,0.00,0.04
Windsordui,reppy,0.00,0.04
duiWinsted,reppy,0.00,0.04
Winsteddui,reppy,0.00,0.04
duiFlorida,reppy,0.00,0.04
Floridadui,reppy,0.00,0.04
duiHialeah,reppy,0.00,0.04
Hialeahdui,reppy,0.00,0.04
duiOrlando,reppy,0.00,0.04
Orlandodui,reppy,0.00,0.04
duiPalatka,reppy,0.00,0.04
Palatkadui,reppy,0.00,0.04
duiSanford,reppy,0.00,0.04
Sanforddui,reppy,0.00,0.04
duiSebring,reppy,0.00,0.04
Sebringdui,reppy,0.00,0.04
